Entity_Type_ID,Entity_Type_Name,Entity_ID,Owned_by_SAM,Owned_by_Display_Name,Own_Datetime,Created_by_SAM,Created_by_Display_Name,Created_Datetime,Modified_by_Sam,Modified_by_Display_Name,Modified_Datetime,Assigned_to_Sam,Assigned_to_Display_Name,Assign_Datetime,Is_Active,LEVEL_TYPE,LEVEL_TYPE_NAME,SYSTEM_CODE,PARENT_LEVEL_TYPE,PARENT_LEVEL_NAME,HIERARCHY_CREATED_BY,HIERARCHY_CREATED_DATE_TIME,HIERARCHY_MODIFIED_BY,HIERARCHY_MODIFIED_DATE_TIME,SYNC_ID,SYNC_ID_EXTPK_ID,LEVEL_TYPE_EXD_OBJECT_ID,PARENT_LEVEL_NAME_EXD_OBJECT_ID
100077,Department,109301,Alpha,,2023-06-11 23:23:00,Alpha,,2023-01-27 12:40:00,Alpha,,2026-05-06 07:30:00,,,,Y,Standard,Skyler Kim,,Beta,Skyler Sloan,mei.reyes@acme-fake.test,LOT-7367,casey.haddad@acme-fake.test,,100330,100475,100399,100398
100405,Department,109302,Alpha,,2025-07-20 12:20:00,Alpha,,2024-11-05 16:06:00,Alpha,,2025-04-21 07:41:00,,,,N,Beta,Avery Costa,,Gamma,Noah Ford,diego.costa@demomail.test,SKU-6619,quinn.rossi@demomail.test,,100185,100680,100137,100578
100540,Department,109305,Delta,,2024-07-14 16:26:00,Delta,,2023-07-08 07:45:00,Gamma,,2026-04-07 07:50:00,,,,Y,Alpha,Priya Whitfield,,Beta,Jordan Silva,riley.silva@acme-fake.test,REF-6831,mei.blake@demomail.test,REF-8260,100332,100349,100229,100504
100053,Department,109308,Other,,2022-12-20 13:11:00,Alpha,,2023-03-01 00:23:00,Alpha,,2024-07-24 18:01:00,,,,Y,Alpha,Nina Reyes,,Gamma,Emerson Garcia,elena.okafor@acme-fake.test,TAG-2270,sofia.okafor@examplecorp.test,,100022,100157,100737,100382
100250,Department,109310,Gamma,,2024-02-03 05:26:00,Alpha,,2023-10-18 08:02:00,Alpha,,2025-04-14 01:51:00,,,,N,Alpha,Priya Cohen,,Delta,Reese Sloan,morgan.blake@acme-fake.test,REF-1579,jordan.vance@examplecorp.test,SKU-2286,100478,100098,100295,100366
100622,Department,109313,Other,,2025-07-14 19:02:00,Alpha,,2026-02-21 10:54:00,Alpha,,2025-07-06 21:51:00,,,,Y,Other,Jordan Mercer,,Gamma,Fatima Brooks,noah.ford@acme-fake.test,REF-9175,jordan.mercer@demomail.test,,100153,100336,100525,100319
100396,Department,109314,Alpha,,2025-07-24 10:25:00,Other,,2025-07-13 16:56:00,Gamma,,2023-07-01 05:10:00,,,,Y,Beta,Riley Calder,,Other,Quinn Haddad,jamie.ford@demomail.test,REF-4245,priya.brooks@demomail.test,REF-4585,100554,100022,100009,100300
100077,Department,109315,Gamma,,2025-10-11 04:40:00,Gamma,,2024-04-04 21:21:00,Beta,,2025-04-01 05:57:00,,,,N,Standard,Skyler Ford,,Standard,Liam Ford,sofia.ashby@demomail.test,SKU-9967,alex.dorsey@examplecorp.test,,100582,100062,100031,100471
100247,Department,109318,Delta,,2025-10-21 01:48:00,Standard,,2026-03-03 00:03:00,Gamma,,2023-10-12 05:49:00,,,,Y,Other,Chen Garcia,,Beta,Omar Calder,jamie.sloan@sampleco.test,TAG-7444,aisha.silva@examplecorp.test,,100475,100564,100281,100691
100273,Department,109319,Standard,,2024-07-04 12:37:00,Delta,,2025-01-28 11:18:00,Other,,2024-03-09 22:24:00,,,,Y,Alpha,Casey Haddad,,Delta,Aisha Garcia,omar.kim@acme-fake.test,REF-8422,fatima.nguyen@demomail.test,,100256,100759,100514,100768
100009,Department,109322,Beta,,2024-12-16 06:26:00,Delta,,2022-12-17 01:05:00,Other,,2024-10-06 01:27:00,,,,Y,Delta,Casey Whitfield,,Gamma,Nina Brooks,morgan.costa@examplecorp.test,SKU-8781,omar.sato@demomail.test,SKU-2598,100359,100651,100724,100365
100278,Department,109323,Beta,,2023-10-16 05:04:00,Other,,2024-09-21 17:35:00,Gamma,,2024-09-23 17:18:00,,,,Y,Gamma,Morgan Mensah,,Other,Taylor Ashby,marco.cohen@examplecorp.test,LOT-7978,reese.sloan@examplecorp.test,SKU-2092,100320,100174,100726,100672
100496,Department,109326,Standard,,2026-04-22 20:58:00,Delta,,2023-09-02 00:06:00,Gamma,,2024-08-17 03:35:00,,,,N,Other,Reese Rossi,,Other,Arjun Costa,liam.ivanov@examplecorp.test,TAG-3724,sofia.larsson@examplecorp.test,,100608,100678,100343,100726
100466,Department,109327,Gamma,,2024-08-08 14:42:00,Delta,,2025-10-20 02:03:00,Gamma,,2026-05-12 07:10:00,,,,N,Other,Fatima Blake,,Other,Casey Costa,drew.silva@sampleco.test,TAG-4887,mei.mensah@demomail.test,,100721,100215,100689,100532
100582,Department,109329,Beta,,2024-07-21 16:04:00,Gamma,,2025-08-26 03:46:00,Alpha,,2026-06-14 07:18:00,,,,N,Delta,Morgan Vance,,Gamma,Casey Ford,jamie.garcia@acme-fake.test,TAG-6210,yara.costa@examplecorp.test,REF-7688,100055,100322,100714,100453
100471,Department,109330,Other,,2024-02-22 06:29:00,Gamma,,2023-10-03 03:24:00,Delta,,2026-03-30 01:13:00,,,,Y,Beta,Fatima Sato,,Alpha,Marco Mensah,diego.dorsey@sampleco.test,REF-2550,chen.sloan@acme-fake.test,,100476,100047,100362,100756
100256,Department,109332,Other,,2023-12-21 19:30:00,Standard,,2023-09-18 03:08:00,Delta,,2026-04-16 14:03:00,,,,Y,Gamma,Arjun Okafor,,Alpha,Noah Mensah,rahul.larsson@examplecorp.test,TAG-5690,jamie.sato@examplecorp.test,REF-7927,100065,100471,100730,100231
100403,Department,109333,Delta,,2023-10-27 01:35:00,Standard,,2026-05-23 14:22:00,Beta,,2023-01-01 02:06:00,,,,Y,Other,Yara Dorsey,,Beta,Skyler Vance,reese.nguyen@acme-fake.test,REF-2680,morgan.calder@acme-fake.test,REF-1821,100046,100229,100727,100173
100525,Department,109335,Gamma,,2025-05-08 22:34:00,Delta,,2024-07-17 13:47:00,Other,,2023-10-31 11:27:00,,,,N,Alpha,Mei Larsson,,Beta,Skyler Silva,chen.whitfield@acme-fake.test,SKU-8968,marco.sloan@sampleco.test,REF-9400,100540,100298,100145,100349
100339,Department,109336,Beta,,2022-12-18 11:06:00,Gamma,,2026-03-17 18:05:00,Beta,,2023-11-19 01:59:00,,,,N,Beta,Fatima Sloan,,Other,Noah Cohen,omar.rossi@demomail.test,TAG-3277,casey.okafor@demomail.test,,100737,100640,100050,100278
100441,Department,109337,Gamma,,2024-01-14 09:32:00,Beta,,2023-05-13 06:19:00,Alpha,,2023-05-01 20:24:00,,,,N,Delta,Elena Whitfield,,Delta,,aisha.silva@demomail.test,LOT-8764,liam.vance@sampleco.test,,100775,100469,100055,100152
100664,Department,109340,Other,,2024-11-18 00:59:00,Standard,,2024-08-02 08:49:00,Alpha,,2025-11-20 05:58:00,,,,Y,Delta,Omar Mensah,,Delta,Omar Sato,quinn.calder@sampleco.test,LOT-9743,chen.silva@acme-fake.test,,100350,100217,100345,100350
100683,Department,109343,Standard,,2023-05-15 19:47:00,Delta,,2023-04-11 15:48:00,Beta,,2025-10-04 15:08:00,,,,Y,Beta,Noah Vance,,Alpha,Elena Mercer,sofia.okafor@sampleco.test,LOT-6889,taylor.dorsey@examplecorp.test,,100453,100717,100572,100559
100112,Department,109346,Alpha,,2026-05-19 14:08:00,Beta,,2023-03-02 12:35:00,Standard,,2025-07-03 19:13:00,,,,Y,Beta,Quinn Ashby,,Delta,Arjun Reyes,omar.kim@examplecorp.test,TAG-9491,reese.blake@sampleco.test,,100214,100632,100375,100365
100542,Department,109347,Gamma,,2023-08-23 05:12:00,Other,,2025-06-08 22:55:00,Alpha,,2023-11-26 10:19:00,,,,N,Other,Elena Sato,,Alpha,Marco Kim,taylor.sloan@demomail.test,REF-5673,rowan.cohen@demomail.test,,100461,100622,100441,100322
100256,Department,109349,Beta,,2025-07-13 07:07:00,Other,,2022-11-22 00:47:00,Standard,,2023-02-26 13:14:00,,,,Y,Gamma,Yara Dorsey,,Gamma,Jordan Blake,jordan.rossi@examplecorp.test,TAG-1570,rowan.vance@demomail.test,,100504,100389,100332,100576
100014,Department,109351,Gamma,,2022-11-30 11:37:00,Beta,,2025-11-16 15:20:00,Alpha,,2024-06-08 19:23:00,,,,N,Gamma,Priya Mercer,,Beta,Rowan Sloan,aisha.whitfield@demomail.test,SKU-9867,casey.ashby@acme-fake.test,SKU-4702,100156,100732,100462,100425
100203,Department,109352,Alpha,,2023-06-21 11:54:00,Alpha,,2023-03-14 11:38:00,Alpha,,2026-01-17 08:19:00,,,,N,Alpha,Emerson Okafor,,Standard,Sofia Dorsey,sofia.costa@sampleco.test,SKU-6301,morgan.patel@acme-fake.test,,100475,100472,100410,100357
100451,Department,109353,Other,,2024-04-19 21:52:00,Alpha,,2024-07-15 20:51:00,Alpha,,2026-04-29 03:29:00,,,,N,Beta,Fatima Ford,,Delta,Aisha Ivanov,liam.silva@demomail.test,SKU-4257,casey.sloan@demomail.test,REF-1684,100229,100385,100100,100753
100005,Department,109354,Standard,,2025-08-09 11:47:00,Alpha,,2024-12-30 18:49:00,Gamma,,2025-12-28 17:43:00,,,,N,Gamma,Morgan Vance,,Standard,Yara Haddad,skyler.kim@examplecorp.test,TAG-9789,rowan.garcia@demomail.test,,100303,100077,100277,100423
100525,Department,109356,Standard,,2024-12-13 18:04:00,Standard,,2024-07-22 18:59:00,Alpha,,2023-04-18 08:03:00,,,,Y,Beta,Priya Sato,,Other,Skyler Larsson,reese.brooks@examplecorp.test,REF-6821,chen.brooks@sampleco.test,,100654,100016,100196,100201
100121,Department,109359,Gamma,,2023-07-17 00:44:00,Alpha,,2024-08-18 22:09:00,Alpha,,2025-07-03 23:46:00,,,,N,Delta,Avery Mensah,,Delta,Avery Costa,fatima.patel@sampleco.test,REF-9950,skyler.garcia@examplecorp.test,,100130,100741,100635,100208
100320,Department,109361,Delta,,2023-03-12 21:37:00,Standard,,2023-03-31 00:27:00,Beta,,2023-08-15 11:02:00,,,,N,Gamma,Emerson Mercer,,Other,Casey Brooks,rowan.kim@sampleco.test,REF-6307,fatima.calder@examplecorp.test,,100396,100076,100062,100336
100188,Department,109362,Other,,2024-12-24 14:29:00,Alpha,,2024-04-13 23:36:00,Gamma,,2023-06-13 06:37:00,,,,N,Alpha,Arjun Garcia,,Standard,Mei Mensah,taylor.calder@examplecorp.test,TAG-2298,riley.haddad@demomail.test,,100047,100165,100174,100732
100512,Department,109364,Other,,2023-03-27 13:05:00,Beta,,2025-02-15 20:57:00,Gamma,,2023-06-24 07:56:00,,,,Y,Standard,Jamie Cohen,,Beta,Elena Brooks,skyler.patel@demomail.test,TAG-3677,noah.mercer@sampleco.test,,100239,100428,100770,100512
100393,Department,109367,Alpha,,2025-05-30 19:12:00,Other,,2026-06-05 07:07:00,Alpha,,2025-04-17 10:57:00,,,,N,Delta,Aisha Mercer,,Delta,Alex Ashby,casey.ivanov@sampleco.test,REF-2623,noah.whitfield@examplecorp.test,,100183,100516,100415,100200
100153,Department,109368,Gamma,,2025-10-18 21:59:00,Alpha,,2023-03-29 04:10:00,Delta,,2023-07-25 01:24:00,,,,Y,Delta,Arjun Larsson,,Standard,Casey Rossi,aisha.haddad@examplecorp.test,TAG-1587,rowan.mercer@sampleco.test,,100552,100106,100500,100606
100664,Department,109370,Beta,,2026-05-15 16:05:00,Alpha,,2023-08-11 10:17:00,Other,,2023-02-28 01:50:00,,,,N,Delta,Chen Sato,,Standard,Yara Brooks,quinn.haddad@acme-fake.test,TAG-7009,priya.larsson@demomail.test,,100058,100398,100471,100785
100119,Department,109371,Other,,2025-08-27 17:04:00,Standard,,2023-09-10 20:13:00,Beta,,2026-05-10 08:32:00,,,,Y,Standard,Sofia Silva,,Beta,Reese Whitfield,diego.rossi@sampleco.test,TAG-4445,casey.vance@acme-fake.test,REF-2389,100028,100119,100425,100320
100559,Department,109374,Delta,,2025-08-14 22:53:00,Other,,2024-12-09 14:49:00,Other,,2024-02-16 05:22:00,,,,Y,Other,Casey Ford,,Gamma,Morgan Okafor,marco.nguyen@sampleco.test,TAG-4968,alex.cohen@demomail.test,,100399,100369,100770,100339
100648,Department,109377,Alpha,,2026-02-27 15:30:00,Delta,,2024-02-03 10:54:00,Beta,,2026-01-27 22:53:00,,,,Y,Gamma,Chen Silva,,Standard,Aisha Vance,sofia.ivanov@acme-fake.test,LOT-9595,elena.garcia@examplecorp.test,LOT-1001,100535,100475,100009,100559
100559,Department,109378,Alpha,,2024-02-23 23:15:00,Beta,,2023-11-15 22:51:00,Delta,,2023-08-24 05:46:00,,,,Y,Alpha,Marco Brooks,,Other,Mei Whitfield,reese.ivanov@sampleco.test,LOT-5630,rahul.whitfield@examplecorp.test,,100622,100420,100200,100021
100277,Department,109379,Beta,,2023-03-12 12:55:00,Alpha,,2025-03-09 08:19:00,Standard,,2023-08-19 02:56:00,,,,N,Gamma,Taylor Vance,,Gamma,Casey Kim,aisha.ashby@sampleco.test,TAG-2548,sofia.ivanov@examplecorp.test,,100410,100542,100593,100098
100022,Department,109382,Other,,2023-08-09 14:30:00,Gamma,,2023-01-12 13:13:00,Gamma,,2025-09-18 00:18:00,,,,Y,Gamma,Jordan Rossi,,Gamma,Avery Rossi,marco.cohen@sampleco.test,TAG-5622,fatima.sato@demomail.test,,100029,100561,100156,100467
100704,Department,109385,Alpha,,2025-07-01 21:39:00,Other,,2026-04-16 08:15:00,Gamma,,2026-01-20 12:24:00,,,,Y,Alpha,Jordan Garcia,,Gamma,Marco Kim,drew.garcia@acme-fake.test,SKU-2134,mei.patel@demomail.test,,100211,100155,100635,100273
100496,Department,109386,Delta,,2022-12-12 23:09:00,Other,,2024-03-16 02:59:00,Alpha,,2024-02-12 01:50:00,,,,Y,Gamma,Priya Reyes,,Other,Skyler Vance,yara.dorsey@sampleco.test,SKU-2692,drew.larsson@acme-fake.test,,100169,100300,100765,100393
100585,Department,109387,Other,,2024-10-12 17:26:00,Beta,,2026-06-28 23:00:00,Other,,2024-08-23 09:14:00,,,,N,Delta,Aisha Dorsey,,Alpha,Fatima Ivanov,riley.silva@sampleco.test,REF-5996,emerson.sato@acme-fake.test,,100130,100271,100671,100278
100246,Department,109388,Other,,2022-10-24 03:43:00,Alpha,,2024-08-25 02:16:00,Standard,,2023-04-25 07:04:00,,,,Y,Alpha,Priya Silva,,Other,Emerson Silva,jamie.haddad@demomail.test,LOT-1719,noah.ford@acme-fake.test,,100208,100451,100645,100493
100399,Department,109390,Beta,,2023-07-30 01:51:00,Delta,,2025-02-25 12:11:00,Delta,,2024-04-10 00:09:00,,,,N,Standard,Yara Okafor,,Gamma,Jamie Whitfield,sofia.whitfield@acme-fake.test,LOT-4463,liam.sato@examplecorp.test,,100415,100378,100224,100429
100314,Department,109391,Other,,2024-12-24 05:45:00,Other,,2024-12-14 21:41:00,Delta,,2026-02-23 08:49:00,,,,N,Other,Diego Sato,,,Yara Ashby,riley.vance@sampleco.test,LOT-6552,morgan.silva@demomail.test,,100652,100745,100442,100307
100382,Department,109393,Delta,,2023-09-12 10:39:00,Alpha,,2024-02-06 02:03:00,Standard,,2023-07-24 23:15:00,,,,Y,Beta,Liam Dorsey,,Delta,Elena Okafor,taylor.sato@acme-fake.test,TAG-3955,priya.mensah@sampleco.test,,100473,100418,100182,100643
100252,Department,109394,Beta,,2023-03-29 16:44:00,Standard,,2023-12-03 22:51:00,Alpha,,2025-05-09 00:06:00,,,,N,Delta,Diego Rossi,,Delta,Quinn Garcia,jamie.larsson@demomail.test,LOT-2721,sofia.larsson@demomail.test,,100165,100442,100779,100669
100181,Department,109397,Beta,,2026-06-05 13:51:00,Alpha,,2025-04-25 08:14:00,Gamma,,2026-07-18 17:14:00,,,,N,Gamma,Priya Dorsey,,Delta,Skyler Ivanov,elena.calder@sampleco.test,TAG-8977,reese.garcia@demomail.test,,100061,100040,100683,100405
100654,Department,109400,Other,,2025-09-17 01:16:00,Other,,2022-10-04 09:08:00,Standard,,2023-01-28 01:46:00,,,,N,Other,Aisha Sloan,,Gamma,Omar Ivanov,jordan.calder@demomail.test,SKU-3436,taylor.dorsey@demomail.test,,100558,100475,100054,100425
100717,Department,109403,Standard,,2023-02-15 13:17:00,Alpha,,2023-01-04 00:30:00,Standard,,2022-10-18 23:35:00,,,,N,Delta,Skyler Haddad,,Delta,Arjun Mercer,drew.costa@examplecorp.test,REF-8158,elena.mercer@demomail.test,,100442,100149,100210,100425
100495,Department,109406,Beta,,2025-05-17 04:53:00,Other,,2024-07-30 02:41:00,Other,,2026-04-22 01:58:00,,,,Y,Alpha,Diego Silva,,Other,Sofia Ivanov,alex.brooks@demomail.test,TAG-8334,fatima.cohen@examplecorp.test,,100432,100759,100496,100745
100094,Department,109408,Delta,,2024-10-15 19:20:00,Delta,,2024-09-06 01:24:00,Beta,,2025-10-18 17:34:00,,,,N,Other,Nina Rossi,,Standard,Omar Ivanov,yara.dorsey@acme-fake.test,SKU-2516,skyler.sloan@sampleco.test,,100106,100096,100702,100439
100200,Department,109410,Alpha,,2024-08-25 13:09:00,Other,,2024-03-12 20:33:00,Standard,,2026-06-01 19:13:00,,,,Y,Gamma,Avery Haddad,,Beta,Reese Okafor,morgan.reyes@demomail.test,LOT-7989,casey.sato@demomail.test,TAG-4354,100071,100548,100568,100205
100446,Department,109411,Standard,,2026-03-06 19:12:00,Other,,2025-12-06 13:30:00,Beta,,2023-12-03 09:06:00,,,,Y,Alpha,Marco Dorsey,,Gamma,Morgan Okafor,omar.patel@acme-fake.test,REF-9074,skyler.garcia@demomail.test,REF-8881,100142,100343,100009,100574
100203,Department,109414,Other,,2026-03-11 22:26:00,Alpha,,2023-08-12 05:14:00,Gamma,,2024-10-28 23:23:00,,,,Y,Gamma,Arjun Haddad,,Beta,Casey Sato,alex.reyes@demomail.test,REF-5616,quinn.dorsey@examplecorp.test,,100558,100153,100288,100378
100058,Department,109416,Other,,2024-02-12 04:13:00,Beta,,2025-10-30 19:30:00,Other,,2025-06-26 22:53:00,,,,Y,Delta,Yara Costa,,Gamma,Aisha Costa,fatima.haddad@examplecorp.test,SKU-4788,taylor.whitfield@acme-fake.test,,100441,100714,100252,100177
100758,Department,109419,Alpha,,2023-12-02 21:37:00,Other,,2025-01-19 09:04:00,Beta,,2026-03-16 04:25:00,,,,Y,Standard,Elena Silva,,Alpha,Quinn Sato,noah.mensah@sampleco.test,TAG-8470,riley.kim@sampleco.test,,100415,100548,100365,100149
100446,Department,109420,Other,,2025-09-21 00:54:00,Other,,2025-12-06 21:01:00,Beta,,2024-06-25 15:06:00,,,,N,Alpha,Rowan Ivanov,,Beta,Elena Patel,noah.sloan@examplecorp.test,LOT-7316,priya.reyes@examplecorp.test,REF-4420,100149,100462,100215,100774
100535,Department,109422,Alpha,,2025-01-10 09:06:00,Standard,,2024-02-17 11:50:00,Standard,,2024-06-03 06:59:00,,,,N,Gamma,Taylor Ivanov,,Delta,Jordan Sloan,alex.costa@demomail.test,SKU-4993,nina.costa@sampleco.test,,100451,100700,100696,100177
100774,Department,109423,Other,,2026-03-04 20:31:00,Alpha,,2025-09-22 18:41:00,Alpha,,2025-11-03 22:51:00,,,,N,Delta,Reese Kim,,Gamma,Arjun Dorsey,fatima.ford@sampleco.test,LOT-1356,riley.ivanov@acme-fake.test,,100089,100538,100771,100383
100473,Department,109424,Gamma,,2023-03-19 19:19:00,Standard,,2024-03-19 02:00:00,Delta,,2023-02-09 08:47:00,,,,Y,Delta,Omar Whitfield,,Alpha,Sofia Brooks,skyler.dorsey@sampleco.test,REF-6185,avery.mercer@acme-fake.test,,100558,100784,100220,100446
100221,Department,109427,Delta,,2023-08-30 21:03:00,Standard,,2023-12-02 02:32:00,Gamma,,2024-05-31 03:49:00,,,,Y,Delta,Yara Rossi,,Alpha,Diego Patel,taylor.garcia@sampleco.test,SKU-3992,chen.patel@acme-fake.test,,100383,100503,100640,100535
100542,Department,109429,Delta,,2023-02-01 06:57:00,Beta,,2022-12-18 01:16:00,Alpha,,2025-11-30 05:32:00,,,,Y,Gamma,Casey Nguyen,,Beta,Priya Cohen,quinn.costa@acme-fake.test,LOT-4759,noah.ivanov@acme-fake.test,SKU-6509,100449,100383,100217,100776
100473,Department,109430,Delta,,2023-01-26 02:50:00,Gamma,,2025-10-26 10:44:00,Beta,,2023-12-11 14:47:00,,,,Y,Gamma,Diego Ashby,,Beta,Arjun Haddad,mei.brooks@acme-fake.test,LOT-4074,diego.mensah@demomail.test,REF-7036,100691,100565,100407,100613
100365,Department,109432,Delta,,2024-04-03 15:38:00,Delta,,2024-04-21 03:33:00,Other,,2024-10-28 22:44:00,,,,N,Gamma,Rahul Blake,,Other,Diego Sato,chen.whitfield@sampleco.test,LOT-5248,priya.garcia@sampleco.test,,100441,100109,100264,100288
100538,Department,109434,Alpha,,2025-01-08 04:44:00,Alpha,,2024-03-26 02:09:00,Beta,,2023-04-10 13:09:00,,,,Y,Alpha,Riley Larsson,,Standard,Priya Sloan,noah.nguyen@acme-fake.test,TAG-9166,skyler.haddad@sampleco.test,,100267,100208,100055,100561
100566,Department,109435,Gamma,,2024-09-19 07:03:00,Other,,2024-06-19 05:18:00,Delta,,2025-12-02 15:05:00,,,,N,Beta,Omar Mercer,,Delta,Jamie Calder,quinn.mercer@examplecorp.test,LOT-8233,quinn.garcia@examplecorp.test,SKU-6377,100335,100232,100466,100509
100555,Department,109438,Gamma,,2023-02-05 16:41:00,Delta,,2023-08-26 06:55:00,Other,,2023-10-27 23:26:00,,,,Y,Gamma,Marco Sloan,,Beta,Chen Larsson,avery.blake@examplecorp.test,TAG-3647,aisha.brooks@sampleco.test,,100291,100448,100656,100481
100120,Department,109440,Alpha,,2023-03-15 13:34:00,Standard,,2023-06-24 09:17:00,Other,,2025-06-21 08:43:00,,,,N,Gamma,Fatima Nguyen,,Other,Morgan Mercer,jordan.larsson@demomail.test,LOT-1771,casey.larsson@sampleco.test,,100028,100317,100204,100112
100552,Department,109442,Alpha,,2026-01-17 10:13:00,Beta,,2025-11-18 19:19:00,Alpha,,2023-02-26 22:08:00,,,,Y,Alpha,Yara Sato,,Beta,Arjun Cohen,jordan.vance@demomail.test,SKU-3300,drew.cohen@acme-fake.test,,100671,100362,100087,100140
100596,Department,109443,Alpha,,2025-05-02 21:29:00,Alpha,,2026-02-06 18:00:00,Gamma,,2023-02-06 17:16:00,,,,N,Gamma,Jordan Ivanov,,Beta,Yara Costa,taylor.dorsey@sampleco.test,TAG-2591,skyler.cohen@sampleco.test,,100009,100403,100003,
100525,Department,109445,Alpha,,2024-09-11 20:44:00,Beta,,2025-01-04 04:44:00,Delta,,2025-05-06 11:05:00,,,,Y,Standard,Skyler Okafor,,Delta,Elena Whitfield,riley.garcia@examplecorp.test,SKU-5651,sofia.calder@examplecorp.test,,100119,100604,100260,100012
100434,Department,109448,Gamma,,2025-12-31 12:30:00,Gamma,,2025-07-05 23:09:00,Delta,,2022-10-31 08:45:00,,,,Y,Delta,Emerson Reyes,,Other,Aisha Haddad,riley.rossi@examplecorp.test,REF-4434,priya.garcia@sampleco.test,,100200,100566,100745,100147
100405,Department,109450,Standard,,2025-10-30 22:12:00,Gamma,,2025-12-13 05:24:00,Other,,2024-09-14 09:16:00,,,,N,Other,Mei Costa,,Gamma,Elena Blake,taylor.patel@examplecorp.test,REF-1058,avery.sloan@demomail.test,,100713,100465,100003,100659
100029,Department,109452,Beta,,2023-05-26 21:45:00,Alpha,,2023-06-24 15:36:00,Other,,2025-04-06 20:30:00,,,,N,Other,Liam Mercer,,Delta,Riley Mercer,noah.vance@sampleco.test,LOT-3418,fatima.nguyen@sampleco.test,,100336,100145,100446,
100028,Department,109455,Other,,2023-06-24 06:11:00,Beta,,2023-08-01 15:27:00,Standard,,2024-11-28 06:45:00,,,,Y,Beta,Casey Cohen,,Gamma,Sofia Dorsey,yara.brooks@sampleco.test,REF-7228,omar.patel@acme-fake.test,,100435,100667,100493,100205
100109,Department,109458,Other,,2025-01-03 20:49:00,Standard,,2024-12-05 08:38:00,Other,,2024-03-28 22:32:00,,,,N,Other,Riley Calder,,Beta,Omar Sloan,rahul.ivanov@demomail.test,REF-9270,rahul.calder@demomail.test,,100481,100689,100182,100035
100256,Department,109459,Delta,,2024-03-01 00:28:00,Standard,,2024-08-06 18:05:00,Gamma,,2023-04-02 07:51:00,,,,Y,Beta,Emerson Garcia,,Delta,Marco Mercer,reese.kim@sampleco.test,TAG-8680,alex.okafor@examplecorp.test,,100314,100335,100468,100745
100468,Department,109462,Other,,2025-10-14 22:23:00,Other,,2025-11-18 09:37:00,Gamma,,2024-03-18 18:28:00,,,,Y,Standard,Jamie Blake,,Other,Rahul Cohen,jamie.patel@demomail.test,REF-1525,riley.rossi@demomail.test,,100145,100031,100260,100407
100157,Department,109464,Alpha,,2023-05-21 10:25:00,Other,,2024-06-25 11:17:00,Delta,,2024-03-09 12:45:00,,,,N,Standard,Priya Garcia,,Other,Jordan Reyes,marco.nguyen@demomail.test,TAG-8200,noah.dorsey@demomail.test,TAG-5505,100215,100732,100478,100593
100115,Department,109467,Gamma,,2024-09-13 14:31:00,Other,,2025-08-22 02:02:00,Delta,,2022-11-10 04:26:00,,,,Y,Gamma,Sofia Mensah,,Gamma,Quinn Mercer,chen.sloan@demomail.test,SKU-4898,drew.vance@acme-fake.test,,100724,100242,100714,100058
100551,Department,109468,Beta,,2025-08-26 04:20:00,Gamma,,2026-03-13 13:01:00,Alpha,,2024-10-24 09:31:00,,,,N,Alpha,Emerson Cohen,,Gamma,Riley Whitfield,jamie.whitfield@acme-fake.test,SKU-6695,elena.haddad@acme-fake.test,,100118,100782,100168,100535
100003,Department,109469,Gamma,,2023-07-26 07:04:00,Alpha,,2023-04-18 06:34:00,Other,,2026-03-13 17:43:00,,,,Y,Delta,Rahul Dorsey,,Alpha,Yara Sloan,jamie.whitfield@demomail.test,REF-4283,rahul.rossi@demomail.test,,100182,100595,100005,100587
100119,Department,109472,Other,,2025-08-07 13:11:00,Delta,,2025-09-03 22:32:00,Delta,,2024-12-18 15:10:00,,,,N,Standard,Nina Garcia,,Delta,Taylor Haddad,priya.nguyen@sampleco.test,TAG-9709,elena.rossi@examplecorp.test,,100733,100721,100564,100566
100638,Department,109474,Other,,2026-04-17 16:40:00,Alpha,,2025-08-05 21:08:00,Beta,,2025-03-09 19:03:00,,,,Y,Standard,Arjun Brooks,,Alpha,Nina Sloan,marco.rossi@examplecorp.test,LOT-7036,rowan.mensah@sampleco.test,,100490,100071,100727,100383
100400,Department,109475,Beta,,2025-03-30 11:36:00,Delta,,2025-06-01 01:57:00,Delta,,2023-05-12 03:59:00,,,,N,Beta,Arjun Nguyen,,Alpha,Liam Calder,alex.dorsey@sampleco.test,REF-7125,elena.rossi@examplecorp.test,,100340,100033,100650,100300
100683,Department,109476,Standard,,2025-09-07 10:49:00,Gamma,,2023-11-28 03:22:00,Gamma,,2024-07-19 16:13:00,,,,N,Beta,Yara Vance,,Delta,Marco Silva,omar.nguyen@sampleco.test,SKU-1442,rahul.rossi@demomail.test,,100229,100012,100201,100458
100507,Department,109478,Standard,,2023-02-25 19:40:00,Alpha,,2026-07-13 23:19:00,Standard,,2026-04-10 00:03:00,,,,Y,Beta,Jamie Calder,,Alpha,Jamie Ford,arjun.blake@sampleco.test,TAG-3539,noah.nguyen@sampleco.test,,100188,100525,100149,100400
100576,Department,109481,Standard,,2022-10-16 22:13:00,Alpha,,2026-05-05 16:28:00,Alpha,,2024-07-25 17:33:00,,,,Y,Gamma,Arjun Ford,,Delta,Marco Rossi,diego.brooks@demomail.test,TAG-9776,omar.rossi@demomail.test,,100040,100622,100495,100445
100787,Department,109482,Gamma,,2024-04-14 22:42:00,Alpha,,2022-10-14 02:15:00,Other,,2025-01-15 10:36:00,,,,Y,Delta,Noah Costa,,Other,Priya Kim,aisha.brooks@acme-fake.test,REF-9974,quinn.brooks@sampleco.test,,100678,100315,100678,100699
100555,Department,109485,Beta,,2023-01-12 16:55:00,Delta,,2024-05-15 23:44:00,Beta,,2023-03-03 15:42:00,,,,N,Gamma,Chen Cohen,,Alpha,Mei Silva,liam.dorsey@acme-fake.test,REF-6340,emerson.calder@demomail.test,,100672,100579,100382,100263
100291,Department,109487,Delta,,2023-01-09 14:52:00,Alpha,,2023-03-19 06:41:00,Standard,,2026-06-14 12:58:00,,,,Y,Standard,Marco Calder,,Other,Arjun Whitfield,noah.blake@acme-fake.test,TAG-1291,aisha.patel@demomail.test,LOT-9403,100542,100256,100031,100704
100022,Department,109490,Alpha,,2026-03-16 23:02:00,Beta,,2025-11-19 22:30:00,Other,,2024-02-06 18:50:00,,,,N,Beta,Reese Mercer,,Standard,Diego Sloan,quinn.kim@acme-fake.test,REF-9478,yara.ashby@acme-fake.test,,100389,100585,100643,100177
100193,Department,109492,Beta,,2023-05-25 05:28:00,Gamma,,2026-07-15 12:42:00,Alpha,,2025-12-04 03:44:00,,,,Y,Standard,Diego Kim,,Other,Arjun Silva,skyler.dorsey@demomail.test,TAG-3332,morgan.haddad@examplecorp.test,TAG-7821,100747,100415,100233,100519
100590,Department,109495,Delta,,2024-06-22 03:44:00,Alpha,,2026-02-04 03:53:00,Gamma,,2023-02-02 15:58:00,,,,Y,Beta,Taylor Brooks,,Other,Noah Ashby,skyler.rossi@examplecorp.test,TAG-7402,casey.rossi@acme-fake.test,,100784,100638,100564,100203
100335,Department,109496,Gamma,,2023-02-21 04:30:00,Alpha,,2023-04-21 22:00:00,Delta,,2024-12-31 02:09:00,,,,Y,Beta,Rowan Cohen,,Other,Rowan Whitfield,rowan.ashby@acme-fake.test,SKU-1406,avery.costa@demomail.test,,100096,100317,100247,100162
100309,Department,109499,Other,,2023-08-23 04:40:00,Delta,,2026-05-20 00:58:00,Beta,,2023-06-13 01:44:00,,,,Y,Gamma,Chen Ford,,Delta,Reese Kim,elena.cohen@examplecorp.test,REF-5567,alex.nguyen@demomail.test,,100149,100348,100438,
100528,Department,109502,Gamma,,2024-09-03 16:41:00,Delta,,2025-10-03 16:01:00,Beta,,2025-03-06 22:04:00,,,,Y,Gamma,Taylor Silva,,Gamma,,emerson.calder@sampleco.test,TAG-5769,reese.mercer@sampleco.test,REF-2344,100174,100022,100616,100311
100667,Department,109503,Alpha,,2025-06-21 06:27:00,Standard,,2023-07-06 20:21:00,Gamma,,2025-06-29 22:56:00,,,,Y,Delta,Quinn Reyes,,Delta,Rahul Silva,jamie.reyes@demomail.test,REF-6420,diego.ford@acme-fake.test,,100645,100315,100461,100407
100155,Department,109504,Delta,,2025-03-23 15:36:00,Beta,,2026-01-07 19:49:00,Standard,,2023-02-28 05:14:00,,,,N,Gamma,Jamie Ivanov,,Other,Riley Haddad,noah.rossi@acme-fake.test,SKU-6413,arjun.rossi@demomail.test,,100079,100775,100357,100710
100236,Department,109506,Other,,2025-09-15 11:20:00,Delta,,2026-05-20 13:28:00,Gamma,,2026-05-24 07:47:00,,,,Y,Alpha,Rahul Sloan,,Beta,Marco Haddad,arjun.ford@demomail.test,LOT-7196,rowan.blake@acme-fake.test,,100103,100538,100484,100319
100624,Department,109507,Alpha,,2023-03-31 22:01:00,Beta,,2026-05-13 03:08:00,Standard,,2026-03-09 02:45:00,,,,N,Alpha,Avery Haddad,,Standard,Taylor Brooks,morgan.ford@demomail.test,SKU-5252,reese.whitfield@sampleco.test,,100735,100012,100177,100071
100077,Department,109509,Standard,,2024-09-24 16:56:00,Gamma,,2025-04-18 18:09:00,Delta,,2025-06-29 21:37:00,,,,Y,Other,Taylor Sloan,,Beta,Elena Costa,quinn.ashby@sampleco.test,LOT-1503,marco.patel@sampleco.test,,100496,100405,100079,100776
100117,Department,109512,Beta,,2026-04-24 16:15:00,Delta,,2023-11-10 17:56:00,Gamma,,2025-11-18 04:55:00,,,,Y,Delta,Fatima Blake,,Alpha,Fatima Sato,alex.rossi@demomail.test,SKU-4153,nina.larsson@acme-fake.test,TAG-6647,100741,100494,100340,100735
100432,Department,109514,Beta,,2025-08-18 15:33:00,Standard,,2023-06-04 15:18:00,Alpha,,2022-12-11 21:39:00,,,,Y,Alpha,Arjun Vance,,Other,Aisha Garcia,yara.costa@acme-fake.test,LOT-7078,chen.mensah@sampleco.test,,100077,100525,100476,100702
100357,Department,109516,Beta,,2023-07-06 08:51:00,Delta,,2026-01-20 13:12:00,Standard,,2025-10-12 14:20:00,,,,N,Other,Drew Silva,,Delta,Elena Mensah,casey.patel@acme-fake.test,REF-1111,sofia.whitfield@sampleco.test,,100500,100191,100229,100529
100320,Department,109517,Beta,,2025-06-23 15:18:00,Beta,,2025-03-03 19:26:00,Other,,2024-10-15 10:26:00,,,,N,Standard,Quinn Calder,,Beta,Yara Mensah,nina.larsson@demomail.test,TAG-8612,elena.patel@demomail.test,,100776,100532,100457,100481
100319,Department,109519,Other,,2026-05-11 13:17:00,Standard,,2024-01-04 07:10:00,Delta,,2022-12-18 17:21:00,,,,N,Other,Aisha Mercer,,Standard,Aisha Larsson,quinn.dorsey@examplecorp.test,REF-1345,morgan.ivanov@sampleco.test,,100504,100462,100387,100784
100142,Department,109522,Delta,,2025-08-10 18:11:00,Delta,,2024-08-23 04:57:00,Delta,,2025-12-29 05:15:00,,,,N,Other,Priya Cohen,,Beta,Drew Silva,drew.patel@examplecorp.test,TAG-3146,noah.sato@acme-fake.test,TAG-2807,100031,100465,100516,100177
100585,Department,109525,Alpha,,2023-07-17 06:56:00,Gamma,,2023-04-22 12:05:00,Standard,,2023-07-02 01:54:00,,,,N,Gamma,Nina Haddad,,Standard,Morgan Nguyen,drew.cohen@sampleco.test,SKU-3119,rowan.silva@examplecorp.test,,100569,100458,100398,100221
100050,Department,109528,Other,,2023-07-11 22:07:00,Standard,,2023-11-13 03:24:00,Alpha,,2024-11-25 09:34:00,,,,Y,Alpha,Priya Ford,,Other,Jamie Reyes,omar.mercer@examplecorp.test,REF-8523,drew.calder@acme-fake.test,,100697,100745,100382,100651
100561,Department,109531,Gamma,,2024-05-20 13:10:00,Delta,,2022-12-12 10:39:00,Alpha,,2025-08-15 05:44:00,,,,N,Standard,Omar Ivanov,,Delta,Jordan Costa,chen.ashby@acme-fake.test,LOT-5159,riley.nguyen@sampleco.test,TAG-4870,100065,100740,100627,100119
100019,Department,109534,Alpha,,2025-02-15 10:48:00,Other,,2022-12-25 22:10:00,Delta,,2024-08-17 21:49:00,,,,N,Other,Aisha Mensah,,Beta,Liam Patel,diego.mercer@demomail.test,REF-6490,aisha.larsson@acme-fake.test,,100672,100028,100300,100336
100220,Department,109537,Delta,,2026-06-13 22:05:00,Other,,2023-12-18 16:27:00,Beta,,2025-01-11 16:28:00,,,,Y,Gamma,Diego Ivanov,,Other,Casey Whitfield,casey.vance@demomail.test,LOT-7896,elena.dorsey@examplecorp.test,SKU-3091,100328,100205,100062,100410
100022,Department,109538,Standard,,2025-06-20 19:58:00,Other,,2023-09-13 15:15:00,Gamma,,2024-01-14 07:46:00,,,,N,Alpha,Mei Rossi,,Alpha,Riley Silva,skyler.okafor@examplecorp.test,LOT-5982,yara.patel@sampleco.test,,100083,100787,100791,100425
100770,Department,109540,Gamma,,2024-03-03 08:56:00,Beta,,2023-02-28 12:53:00,Delta,,2022-11-03 06:34:00,,,,Y,Delta,Jamie Larsson,,Beta,Mei Whitfield,elena.silva@sampleco.test,LOT-3449,yara.whitfield@sampleco.test,,100147,100468,100219,100053
100465,Department,109542,Alpha,,2022-12-29 19:27:00,Beta,,2023-01-23 05:45:00,Other,,2025-08-10 23:08:00,,,,Y,Other,Mei Mensah,,Beta,Marco Sloan,rowan.larsson@demomail.test,TAG-1621,skyler.mensah@examplecorp.test,,100365,100246,100694,100507
100457,Department,109543,Gamma,,2024-02-24 06:11:00,Beta,,2022-10-13 02:35:00,Standard,,2024-06-19 03:55:00,,,,N,Delta,Alex Silva,,Standard,Jordan Mercer,noah.ivanov@demomail.test,LOT-6657,nina.brooks@sampleco.test,,100162,100410,100396,100439
100661,Department,109546,Delta,,2024-05-27 04:48:00,Other,,2025-06-05 10:58:00,Delta,,2025-05-28 08:33:00,,,,N,Gamma,Reese Vance,,Beta,Rahul Brooks,diego.sato@sampleco.test,TAG-5572,jordan.rossi@demomail.test,,100569,100775,100233,100291
100619,Department,109547,Gamma,,2025-06-07 10:59:00,Gamma,,2023-10-06 19:03:00,Delta,,2023-02-18 14:06:00,,,,N,Beta,Yara Calder,,,Avery Ford,drew.calder@acme-fake.test,LOT-3665,diego.rossi@acme-fake.test,TAG-3000,100595,100378,100038,100086
100386,Department,109550,Other,,2025-08-22 15:00:00,Standard,,2025-03-01 00:23:00,Delta,,2024-03-04 01:54:00,,,,N,Alpha,Jordan Dorsey,,Beta,Noah Dorsey,morgan.whitfield@examplecorp.test,SKU-6551,yara.whitfield@sampleco.test,,100675,100538,100441,100435
100152,Department,109551,Gamma,,2023-05-26 00:57:00,Other,,2023-10-06 08:40:00,Other,,2026-04-06 19:52:00,,,,N,Gamma,Casey Nguyen,,Standard,Arjun Garcia,jordan.larsson@acme-fake.test,REF-3925,jordan.silva@examplecorp.test,,100307,100317,100566,100205
100487,Department,109552,Standard,,2024-01-27 01:56:00,Other,,2023-03-30 18:02:00,Other,,2025-08-18 08:46:00,,,,N,Standard,Elena Brooks,,Beta,Casey Vance,quinn.patel@sampleco.test,REF-5174,casey.nguyen@sampleco.test,,100611,100098,100732,100169
100616,Department,109555,Beta,,2026-05-15 12:23:00,Beta,,2025-09-01 16:09:00,Beta,,2022-10-19 13:23:00,,,,N,Other,Jamie Sato,,Gamma,Alex Vance,jamie.dorsey@sampleco.test,REF-3384,arjun.reyes@examplecorp.test,,100263,100495,100538,100407
100210,Department,109558,Gamma,,2024-01-27 23:02:00,Gamma,,2026-02-20 03:02:00,Alpha,,2023-01-18 05:36:00,,,,Y,Standard,Omar Reyes,,Other,Alex Haddad,alex.larsson@sampleco.test,REF-5500,morgan.sloan@examplecorp.test,SKU-4581,100205,100697,100092,100314
100650,Department,109561,Alpha,,2024-02-01 07:11:00,Gamma,,2025-06-12 17:04:00,Other,,2022-11-14 15:42:00,,,,Y,Standard,Quinn Sato,,Gamma,Emerson Blake,chen.ivanov@demomail.test,TAG-9012,nina.okafor@acme-fake.test,,100371,100220,100208,100392
100585,Department,109562,Gamma,,2025-05-05 19:09:00,Delta,,2025-04-26 10:57:00,Beta,,2024-07-04 22:37:00,,,,N,Gamma,Elena Silva,,Delta,Aisha Silva,avery.ivanov@acme-fake.test,TAG-9043,riley.haddad@sampleco.test,REF-3007,100300,100137,100654,100366
100366,Department,109563,Beta,,2025-05-11 20:38:00,Gamma,,2022-10-16 13:43:00,Standard,,2025-09-06 01:45:00,,,,N,Alpha,Quinn Silva,,Delta,Elena Cohen,omar.okafor@sampleco.test,TAG-5453,chen.calder@sampleco.test,,100260,100210,100648,100332
100375,Department,109566,Beta,,2025-10-06 03:20:00,Gamma,,2023-11-14 14:23:00,Other,,2025-07-14 12:23:00,,,,N,Delta,Nina Larsson,,Alpha,Arjun Rossi,reese.patel@demomail.test,SKU-1207,yara.cohen@examplecorp.test,,100432,100768,100295,100582
100369,Department,109568,Gamma,,2023-11-03 01:11:00,Delta,,2024-11-29 03:32:00,Other,,2025-09-18 09:27:00,,,,Y,Gamma,Diego Sloan,,Delta,Quinn Larsson,avery.garcia@sampleco.test,TAG-8960,fatima.okafor@sampleco.test,TAG-7026,100762,100627,100211,100475
100068,Department,109571,Delta,,2022-11-18 17:32:00,Other,,2022-10-23 15:04:00,Beta,,2023-03-29 16:13:00,,,,Y,Standard,Rowan Reyes,,Delta,Reese Dorsey,mei.okafor@demomail.test,REF-2333,mei.calder@acme-fake.test,,100727,100493,100383,100217
100130,Department,109573,Alpha,,2025-04-23 11:58:00,Other,,2023-12-28 05:01:00,Other,,2026-05-20 21:34:00,,,,N,Beta,Omar Okafor,,Standard,Avery Ashby,marco.mercer@sampleco.test,SKU-5069,casey.nguyen@acme-fake.test,,100303,100322,100028,100412
100264,Department,109575,Standard,,2025-08-12 15:01:00,Delta,,2026-05-27 22:14:00,Delta,,2024-01-21 00:01:00,,,,Y,Other,Fatima Dorsey,,Beta,Aisha Larsson,elena.nguyen@acme-fake.test,TAG-1221,arjun.okafor@acme-fake.test,TAG-1881,100233,100599,100700,100389
100257,Department,109578,Alpha,,2024-05-08 10:47:00,Delta,,2024-06-09 17:14:00,Alpha,,2024-11-02 21:57:00,,,,Y,Gamma,Emerson Costa,,Beta,Noah Vance,fatima.kim@examplecorp.test,REF-4826,reese.brooks@acme-fake.test,,100398,100378,100460,100768
100188,Department,109579,Other,,2024-02-26 19:34:00,Standard,,2024-05-17 06:42:00,Other,,2024-09-26 08:25:00,,,,N,Alpha,Rowan Costa,,Standard,Reese Haddad,morgan.haddad@acme-fake.test,REF-7663,elena.reyes@acme-fake.test,,100286,100372,100467,100686
100385,Department,109581,Beta,,2025-01-02 05:27:00,Other,,2025-07-04 23:54:00,Other,,2022-10-14 10:34:00,,,,Y,Standard,Yara Patel,,Alpha,Chen Silva,skyler.reyes@demomail.test,LOT-1147,priya.ivanov@demomail.test,,100193,100271,100540,100019
100507,Department,109582,Other,,2022-11-02 14:37:00,Alpha,,2023-09-17 12:08:00,Gamma,,2024-11-13 23:08:00,,,,Y,Other,Rahul Sato,,Alpha,Chen Silva,elena.brooks@acme-fake.test,LOT-6894,omar.patel@acme-fake.test,,100568,100475,100178,100345
100172,Department,109583,Delta,,2024-07-09 10:50:00,Alpha,,2026-04-21 01:47:00,Gamma,,2023-08-04 09:49:00,,,,N,Delta,Quinn Sato,,Standard,Emerson Silva,sofia.costa@examplecorp.test,REF-4227,priya.reyes@sampleco.test,,100554,100421,100005,100023
100664,Department,109586,Gamma,,2026-06-20 03:39:00,Alpha,,2025-05-05 14:38:00,Alpha,,2025-06-18 03:38:00,,,,Y,Delta,Rahul Calder,,Gamma,Rahul Vance,jamie.rossi@acme-fake.test,TAG-7194,marco.mensah@acme-fake.test,LOT-1635,100559,100469,100710,100761
100673,Department,109587,Other,,2026-05-12 10:13:00,Standard,,2024-09-24 11:50:00,Gamma,,2025-05-27 17:53:00,,,,Y,Gamma,Taylor Rossi,,Standard,Alex Blake,taylor.larsson@acme-fake.test,LOT-5354,arjun.reyes@examplecorp.test,,100217,100779,100340,100694
100387,Department,109590,Other,,2024-08-15 05:08:00,Beta,,2023-07-18 15:23:00,Delta,,2025-06-17 08:44:00,,,,N,Other,Casey Sato,,Gamma,Elena Vance,drew.rossi@sampleco.test,REF-9322,mei.sloan@acme-fake.test,,100651,100514,100047,100205
100561,Department,109591,Other,,2024-02-24 07:51:00,Standard,,2026-03-29 22:29:00,Delta,,2024-12-07 17:35:00,,,,N,Delta,Nina Garcia,,Gamma,Emerson Reyes,mei.sloan@sampleco.test,LOT-3609,rowan.ford@demomail.test,,100565,100759,100632,100147
100412,Department,109593,Standard,,2023-11-04 17:59:00,Alpha,,2026-03-31 07:03:00,Standard,,2025-10-10 11:58:00,,,,Y,Beta,Marco Ford,,Beta,Omar Rossi,noah.whitfield@demomail.test,LOT-7623,morgan.ashby@examplecorp.test,,100667,100559,100123,100434
100771,Department,109594,Alpha,,2024-07-06 11:27:00,Alpha,,2024-01-20 07:26:00,Gamma,,2023-09-25 11:18:00,,,,N,Gamma,Casey Ashby,,Standard,Aisha Costa,nina.garcia@demomail.test,TAG-9174,priya.sloan@examplecorp.test,,100481,100058,100196,100033
100758,Department,109596,Standard,,2023-01-10 12:46:00,Delta,,2023-05-18 03:37:00,Alpha,,2025-10-23 07:21:00,,,,Y,Gamma,Elena Patel,,Standard,Omar Dorsey,arjun.mercer@examplecorp.test,SKU-7832,rowan.kim@sampleco.test,,100574,100042,100634,100385
100460,Department,109597,Beta,,2026-06-22 03:01:00,Gamma,,2024-05-17 22:35:00,Alpha,,2024-10-08 05:10:00,,,,N,Alpha,Rahul Reyes,,Other,Marco Mensah,liam.rossi@acme-fake.test,REF-8931,emerson.patel@demomail.test,,100507,100372,100438,100193
100158,Department,109599,Gamma,,2023-10-25 15:37:00,Beta,,2023-03-12 17:18:00,Beta,,2024-05-17 06:51:00,,,,N,Standard,Drew Whitfield,,Gamma,Diego Nguyen,yara.mercer@acme-fake.test,SKU-4794,arjun.nguyen@sampleco.test,,100554,100100,100442,100421
100061,Department,109602,Gamma,,2024-06-10 05:18:00,Alpha,,2025-05-29 06:44:00,Delta,,2023-12-30 07:54:00,,,,N,Standard,Yara Rossi,,Alpha,Jordan Ivanov,morgan.vance@acme-fake.test,REF-3782,liam.blake@examplecorp.test,,100654,100382,100702,100278
100336,Department,109604,Beta,,2026-04-20 16:46:00,Other,,2024-11-05 01:36:00,Gamma,,2023-04-02 03:23:00,,,,Y,Other,Riley Sloan,,Alpha,Morgan Ivanov,yara.sloan@examplecorp.test,REF-8870,arjun.reyes@sampleco.test,,100330,100572,100481,100423
100596,Department,109605,Other,,2024-04-03 16:48:00,Alpha,,2024-09-28 10:21:00,Standard,,2022-10-17 11:30:00,,,,N,Standard,Avery Cohen,,Gamma,Reese Ashby,riley.rossi@demomail.test,SKU-7820,jordan.okafor@acme-fake.test,,100786,100239,100226,100079
100507,Department,109607,Other,,2026-05-03 03:27:00,Other,,2024-02-25 21:28:00,Standard,,2024-10-04 15:39:00,,,,N,Beta,Rahul Ford,,Standard,Jamie Haddad,reese.garcia@sampleco.test,SKU-8879,chen.mercer@demomail.test,,100669,100168,100645,100387
100710,Department,109609,Delta,,2026-03-12 10:52:00,Alpha,,2025-12-16 17:50:00,Other,,2023-04-17 12:56:00,,,,Y,Alpha,Priya Okafor,,Other,Jamie Calder,skyler.blake@demomail.test,LOT-5106,rowan.okafor@demomail.test,,100087,100445,100055,100165
100468,Department,109611,Beta,,2025-03-12 05:15:00,Beta,,2024-03-06 20:47:00,Gamma,,2025-07-23 00:03:00,,,,Y,Delta,Noah Costa,,Standard,Arjun Mercer,diego.silva@demomail.test,TAG-5340,diego.costa@examplecorp.test,,100578,100007,100516,100683
100525,Department,109612,Standard,,2023-05-28 16:47:00,Standard,,2023-09-27 09:24:00,Beta,,2026-01-30 23:57:00,,,,Y,Other,Fatima Nguyen,,Delta,Morgan Vance,jamie.costa@sampleco.test,LOT-9957,reese.ford@acme-fake.test,,100357,100068,100436,100194
100741,Department,109615,Standard,,2023-03-20 16:00:00,Other,,2025-04-05 11:50:00,Delta,,2023-01-10 23:57:00,,,,Y,Beta,Quinn Nguyen,,Other,Noah Ford,yara.brooks@demomail.test,REF-6831,rowan.ashby@examplecorp.test,REF-4738,100640,100092,100540,100033
100073,Department,109616,Alpha,,2024-05-31 07:28:00,Alpha,,2022-10-06 03:55:00,Beta,,2025-10-25 00:53:00,,,,Y,Beta,Drew Ivanov,,Standard,Drew Sato,emerson.ford@sampleco.test,REF-4572,jamie.silva@sampleco.test,,100155,100694,100121,100076
100790,Department,109619,Beta,,2023-11-27 21:53:00,Other,,2023-10-16 23:26:00,Alpha,,2025-04-04 14:29:00,,,,Y,Delta,Avery Okafor,,Gamma,Noah Cohen,reese.ashby@demomail.test,SKU-7721,noah.ford@acme-fake.test,,100355,100068,100678,100761
100109,Department,109622,Beta,,2025-06-16 09:31:00,Standard,,2023-08-12 02:51:00,Alpha,,2023-02-25 05:39:00,,,,N,Alpha,Avery Silva,,Gamma,Reese Mensah,elena.nguyen@acme-fake.test,SKU-3132,chen.ivanov@demomail.test,,100022,100311,100496,100733
100125,Department,109624,Gamma,,2024-02-29 08:05:00,Standard,,2023-06-08 23:56:00,Alpha,,2022-11-24 08:18:00,,,,N,Other,Elena Nguyen,,Gamma,Chen Cohen,casey.sato@examplecorp.test,LOT-9148,casey.rossi@examplecorp.test,,100029,100451,100350,100336
100193,Department,109627,Beta,,2023-01-10 19:43:00,Delta,,2024-12-02 01:39:00,Delta,,2024-12-17 16:53:00,,,,N,Delta,Marco Blake,,Alpha,Fatima Blake,riley.sato@sampleco.test,TAG-5304,jordan.patel@acme-fake.test,LOT-1701,100181,100115,100005,100686
100047,Department,109630,Beta,,2023-02-16 11:47:00,Other,,2025-11-19 06:17:00,Delta,,2025-02-26 10:21:00,,,,N,Other,Elena Costa,,Delta,Alex Cohen,avery.silva@sampleco.test,REF-6520,yara.costa@demomail.test,,100089,100740,100119,100196
100724,Department,109631,Beta,,2024-02-07 07:56:00,Other,,2025-03-19 05:20:00,Standard,,2025-08-31 03:00:00,,,,N,Delta,Mei Mensah,,Standard,Chen Reyes,emerson.haddad@sampleco.test,TAG-2327,rahul.kim@examplecorp.test,,100139,100756,100253,100790
100307,Department,109633,Standard,,2026-06-18 07:42:00,Standard,,2024-12-04 16:23:00,Delta,,2024-07-29 03:25:00,,,,N,Delta,Quinn Mensah,,Delta,Riley Patel,emerson.mercer@sampleco.test,SKU-5266,morgan.mercer@demomail.test,,100193,100566,100790,100152
100019,Department,109636,Delta,,2026-06-28 17:42:00,Gamma,,2025-06-09 15:25:00,Standard,,2023-02-02 13:22:00,,,,Y,Standard,Nina Vance,,Beta,Liam Brooks,jamie.sloan@sampleco.test,SKU-4922,jamie.sato@demomail.test,SKU-7848,100434,100593,100023,100680
100756,Department,109637,Beta,,2025-12-31 12:47:00,Beta,,2023-03-27 00:21:00,Delta,,2024-02-29 08:28:00,,,,Y,Delta,Reese Rossi,,Other,Jamie Mensah,jordan.ivanov@acme-fake.test,SKU-3395,nina.kim@examplecorp.test,,100336,100448,100130,100149
100570,Department,109638,Standard,,2025-10-28 06:36:00,Gamma,,2026-07-14 09:33:00,Standard,,2023-01-22 10:25:00,,,,N,Delta,Omar Reyes,,Alpha,Rowan Sloan,chen.mercer@demomail.test,SKU-9950,reese.nguyen@demomail.test,TAG-7802,100551,100660,100700,100046
100278,Department,109640,Beta,,2026-07-27 06:46:00,Alpha,,2026-07-13 00:29:00,Gamma,,2025-01-03 16:02:00,,,,Y,Gamma,Alex Haddad,,Delta,,morgan.silva@sampleco.test,TAG-3098,riley.cohen@examplecorp.test,,100305,100466,100660,100441
100665,Department,109642,Other,,2023-02-24 13:38:00,Alpha,,2026-03-24 13:05:00,Beta,,2023-02-03 07:44:00,,,,Y,Beta,Jordan Silva,,Beta,Nina Vance,yara.ivanov@sampleco.test,REF-9871,taylor.whitfield@sampleco.test,,100365,100683,100771,100494
100387,Department,109644,Gamma,,2025-05-01 01:15:00,Delta,,2024-03-01 00:06:00,Other,,2025-11-08 04:14:00,,,,N,Standard,Elena Rossi,,Other,Marco Reyes,elena.ford@demomail.test,LOT-5759,chen.larsson@demomail.test,,100315,100398,100635,100299
100236,Department,109645,Alpha,,2022-10-05 18:34:00,Alpha,,2025-07-11 05:09:00,Other,,2026-04-09 00:31:00,,,,N,Delta,Elena Ivanov,,Standard,Omar Mensah,nina.whitfield@demomail.test,REF-5759,mei.rossi@demomail.test,,100619,100601,100439,100288
100366,Department,109648,Beta,,2024-07-24 13:12:00,Gamma,,2024-09-20 03:31:00,Alpha,,2024-11-26 07:25:00,,,,Y,Standard,Marco Patel,,Standard,Marco Silva,yara.okafor@acme-fake.test,REF-5326,alex.mensah@examplecorp.test,,100173,100548,100494,100436
100120,Department,109651,Delta,,2025-01-23 06:32:00,Beta,,2023-06-27 13:32:00,Alpha,,2024-12-10 10:21:00,,,,N,Standard,Chen Ivanov,,Gamma,Nina Rossi,jordan.garcia@examplecorp.test,REF-6697,taylor.okafor@acme-fake.test,,100696,100210,100082,100493
100149,Department,109654,Delta,,2024-12-21 00:53:00,Delta,,2023-03-30 23:56:00,Alpha,,2026-05-14 08:07:00,,,,Y,Alpha,Sofia Nguyen,,Alpha,Jamie Cohen,drew.ashby@examplecorp.test,REF-2788,nina.larsson@sampleco.test,,100765,100366,100579,100149
100033,Department,109655,Other,,2023-07-25 01:13:00,Alpha,,2023-12-14 20:18:00,Standard,,2026-06-08 16:47:00,,,,N,Gamma,Sofia Patel,,Standard,Chen Haddad,drew.costa@demomail.test,SKU-8079,drew.nguyen@demomail.test,,100509,100278,100273,100311
100490,Department,109657,Standard,,2024-01-24 02:01:00,Alpha,,2025-01-27 22:24:00,Standard,,2025-11-01 19:12:00,,,,Y,Beta,Diego Ivanov,,Standard,Skyler Patel,marco.silva@examplecorp.test,REF-6423,fatima.mercer@sampleco.test,SKU-3962,100196,100500,100551,100669
100382,Department,109660,Delta,,2025-10-31 17:59:00,Other,,2024-10-06 05:04:00,Alpha,,2024-09-11 19:52:00,,,,Y,Gamma,Elena Kim,,Delta,Avery Sato,mei.sloan@demomail.test,TAG-3883,avery.dorsey@examplecorp.test,,100786,100288,100362,100596
100300,Department,109661,Other,,2026-07-11 05:42:00,Beta,,2026-01-12 08:27:00,Beta,,2024-03-24 20:07:00,,,,N,Beta,Liam Vance,,Standard,Rahul Mercer,nina.okafor@acme-fake.test,SKU-5006,rahul.rossi@sampleco.test,TAG-3936,100375,100256,100753,100343
100387,Department,109663,Gamma,,2023-09-15 19:40:00,Other,,2022-11-27 04:39:00,Delta,,2023-08-19 04:26:00,,,,Y,Alpha,Liam Calder,,Gamma,Fatima Rossi,sofia.whitfield@examplecorp.test,SKU-9991,fatima.cohen@acme-fake.test,,100512,100593,100509,100739
100740,Department,109666,Other,,2025-01-27 08:30:00,Gamma,,2025-08-22 04:50:00,Alpha,,2023-10-29 07:05:00,,,,Y,Other,Arjun Ashby,,Alpha,Omar Haddad,priya.reyes@examplecorp.test,LOT-4919,jordan.whitfield@acme-fake.test,,100117,100296,100204,100638
100012,Department,109667,Delta,,2024-08-06 13:52:00,Delta,,2024-10-01 11:24:00,Delta,,2023-02-13 04:54:00,,,,N,Standard,Elena Mercer,,Delta,Nina Okafor,rowan.calder@sampleco.test,LOT-8998,mei.mensah@acme-fake.test,,100009,100300,100320,100392
100194,Department,109669,Delta,,2025-11-18 09:35:00,Gamma,,2023-10-29 17:21:00,Alpha,,2024-12-22 22:58:00,,,,Y,Beta,Jamie Whitfield,,Other,Riley Mercer,reese.sloan@demomail.test,SKU-5069,aisha.whitfield@acme-fake.test,,100120,100119,100765,100366
100256,Department,109671,Beta,,2025-08-27 14:56:00,Gamma,,2026-07-28 15:01:00,Gamma,,2023-03-31 07:55:00,,,,Y,Alpha,Reese Calder,,Gamma,Jordan Garcia,marco.nguyen@sampleco.test,TAG-9588,quinn.okafor@acme-fake.test,,100400,100300,100569,100026
100418,Department,109673,Other,,2023-07-05 09:28:00,Alpha,,2024-07-27 16:01:00,Beta,,2026-05-23 04:28:00,,,,N,Alpha,Noah Reyes,,Delta,Casey Calder,priya.haddad@acme-fake.test,TAG-5898,alex.costa@acme-fake.test,,100217,100775,100359,100345
100058,Department,109676,Other,,2023-05-14 22:32:00,Beta,,2025-07-05 20:58:00,Gamma,,2023-09-10 11:41:00,,,,N,Other,Quinn Brooks,,Alpha,Avery Whitfield,nina.mercer@examplecorp.test,TAG-8252,chen.brooks@acme-fake.test,,100732,100232,100355,100277
100498,Department,109677,Delta,,2024-07-14 14:19:00,Beta,,2023-10-20 09:31:00,Alpha,,2025-09-29 09:29:00,,,,Y,Delta,Fatima Silva,,Beta,Mei Kim,aisha.calder@demomail.test,LOT-4204,jamie.patel@acme-fake.test,,100038,100671,100271,100611
100042,Department,109680,Standard,,2024-08-10 03:14:00,Other,,2026-07-12 11:00:00,Standard,,2025-11-21 23:56:00,,,,Y,Other,Reese Sato,,Delta,Marco Kim,alex.okafor@sampleco.test,SKU-8490,rahul.okafor@sampleco.test,,100109,100484,100616,100415
100686,Department,109682,Other,,2024-11-07 08:44:00,Beta,,2024-09-26 15:19:00,Gamma,,2026-01-26 01:20:00,,,,N,Delta,Emerson Blake,,Alpha,Avery Garcia,fatima.sloan@examplecorp.test,LOT-5467,nina.nguyen@examplecorp.test,REF-7402,100596,100714,100466,100028
100246,Department,109684,Gamma,,2024-07-03 11:34:00,Other,,2025-01-04 17:24:00,Delta,,2024-07-09 10:32:00,,,,N,Standard,Riley Costa,,Beta,Mei Brooks,skyler.haddad@sampleco.test,LOT-1218,jordan.calder@sampleco.test,TAG-3742,100217,100264,100421,100697
100540,Department,109686,Alpha,,2022-11-11 12:54:00,Beta,,2025-08-29 14:18:00,Beta,,2023-04-28 16:41:00,,,,N,Beta,Nina Garcia,,Alpha,Noah Sato,priya.whitfield@demomail.test,LOT-8112,jordan.kim@sampleco.test,REF-4396,100566,100688,100012,100147
100046,Department,109687,Delta,,2025-01-07 01:57:00,Delta,,2023-11-06 09:32:00,Gamma,,2023-11-16 18:27:00,,,,N,Standard,Jamie Patel,,Gamma,Noah Cohen,riley.reyes@demomail.test,TAG-3936,omar.whitfield@sampleco.test,,100286,100336,100404,100519
100428,Department,109689,Delta,,2022-11-19 06:57:00,Other,,2026-01-12 10:31:00,Delta,,2024-10-10 03:34:00,,,,N,Delta,Casey Calder,,Alpha,Mei Silva,liam.garcia@sampleco.test,TAG-7186,rowan.calder@acme-fake.test,TAG-3503,100425,100654,100362,100664
100554,Department,109691,Beta,,2024-11-17 10:40:00,Gamma,,2026-02-07 10:07:00,Delta,,2026-01-04 06:57:00,,,,N,Standard,Diego Whitfield,,Alpha,Mei Rossi,taylor.mercer@sampleco.test,SKU-6013,liam.whitfield@acme-fake.test,,100555,100627,100345,100639
100073,Department,109694,Other,,2023-10-30 20:41:00,Delta,,2024-08-31 04:06:00,Other,,2022-12-05 05:15:00,,,,Y,Alpha,Noah Garcia,,Gamma,Jamie Cohen,riley.kim@examplecorp.test,LOT-4546,jamie.garcia@sampleco.test,,100067,100191,100576,100205
100787,Department,109695,Delta,,2025-10-21 11:50:00,Gamma,,2026-05-19 21:27:00,Delta,,2024-09-10 15:30:00,,,,N,Delta,Jordan Costa,,Beta,Omar Calder,arjun.mercer@demomail.test,SKU-4537,arjun.patel@sampleco.test,LOT-6602,100640,100271,100188,100704
100214,Department,109698,Gamma,,2025-07-21 18:08:00,Delta,,2022-11-24 04:02:00,Other,,2023-01-15 22:14:00,,,,Y,Beta,Rahul Cohen,,Other,Morgan Whitfield,sofia.okafor@examplecorp.test,REF-9695,noah.mercer@examplecorp.test,,100224,100779,100210,100311
