Entity_Type_ID,Entity_Type_Name,Entity_ID,Owned_by_SAM,Owned_by_Display_Name,Own_Datetime,Created_by_SAM,Created_by_Display_Name,Created_Datetime,Modified_by_Sam,Modified_by_Display_Name,Modified_Datetime,Assigned_to_Sam,Assigned_to_Display_Name,Assign_Datetime,Is_Active,EVENT,EVENT_EXD_OBJECT_ID,CONTACT,CONTACT_EXD_OBJECT_ID,COMPANY,STATUS,COMPANY_EXD_OBJECT_ID,CONTACT_NAME
100404,Event Attendee,109700,emerson.ivanov@demomail.test,Quinn Garcia,2025-03-28 11:33:00,skyler.nguyen@demomail.test,Diego Rossi,2024-06-20 22:31:00,quinn.ashby@acme-fake.test,Chen Nguyen,2025-01-19 18:25:00,,,,Y,Beta,101886,arjun.mensah@examplecorp.test,103294,REF-2161,N,100125,Emerson Calder
100415,Event Attendee,109702,aisha.sato@demomail.test,Mei Blake,2024-05-17 03:35:00,casey.patel@sampleco.test,Diego Patel,2024-10-01 18:48:00,aisha.costa@acme-fake.test,Skyler Kim,2023-11-29 22:08:00,,,,N,Alpha,101794,aisha.sloan@sampleco.test,103348,SKU-2741,N,100298,Omar Ivanov
100361,Event Attendee,109703,casey.vance@sampleco.test,Taylor Whitfield,2023-06-15 06:49:00,emerson.nguyen@sampleco.test,Avery Sato,2024-04-04 11:31:00,riley.ashby@acme-fake.test,Taylor Larsson,2025-07-18 15:57:00,,,,Y,Standard,101843,aisha.nguyen@sampleco.test,102153,TAG-5383,N,100264,Aisha Rossi
100071,Event Attendee,109705,morgan.sloan@demomail.test,Priya Reyes,2024-02-18 09:54:00,arjun.nguyen@acme-fake.test,Riley Mercer,2022-10-11 05:50:00,quinn.larsson@acme-fake.test,Diego Mensah,2025-08-24 00:24:00,,,,Y,Delta,101812,quinn.garcia@demomail.test,102524,TAG-7958,Y,100667,Taylor Brooks
100322,Event Attendee,109706,jamie.vance@acme-fake.test,Jordan Sato,2026-05-10 22:22:00,arjun.larsson@sampleco.test,Liam Whitfield,2023-03-29 02:21:00,morgan.kim@acme-fake.test,Fatima Reyes,2023-09-06 16:53:00,,,,Y,Beta,101887,skyler.garcia@examplecorp.test,103615,SKU-7963,Y,100551,Aisha Dorsey
100147,Event Attendee,109708,quinn.okafor@demomail.test,Liam Okafor,2026-06-28 10:20:00,emerson.nguyen@demomail.test,Morgan Brooks,2026-04-24 09:01:00,arjun.brooks@examplecorp.test,Alex Ford,2025-09-30 08:46:00,,,,N,Beta,101822,noah.larsson@demomail.test,103481,TAG-7130,N,100410,Fatima Mensah
100415,Event Attendee,109709,alex.mercer@sampleco.test,Drew Brooks,2023-08-18 05:13:00,marco.vance@acme-fake.test,Noah Ashby,2024-04-22 20:18:00,yara.mercer@demomail.test,Marco Okafor,2024-07-05 12:50:00,,,,N,Other,101865,taylor.vance@demomail.test,102410,TAG-8822,Y,100569,Morgan Rossi
100782,Event Attendee,109710,taylor.blake@demomail.test,Rowan Brooks,2023-02-05 05:09:00,diego.nguyen@examplecorp.test,Mei Larsson,2025-05-09 04:03:00,chen.ivanov@demomail.test,Sofia Blake,2024-02-19 19:01:00,,,,Y,Beta,101810,chen.sato@demomail.test,103319,SKU-4628,Y,100787,Morgan Haddad
100648,Event Attendee,109712,rahul.ford@examplecorp.test,Sofia Calder,2023-03-15 03:11:00,yara.reyes@demomail.test,Skyler Mensah,2023-11-17 21:16:00,noah.dorsey@sampleco.test,Casey Mercer,2023-02-18 14:25:00,,,,Y,Beta,101819,jamie.sloan@demomail.test,104226,SKU-9800,N,100410,Morgan Mensah
100174,Event Attendee,109714,casey.larsson@acme-fake.test,Casey Dorsey,2026-07-30 02:05:00,alex.okafor@sampleco.test,Fatima Brooks,2026-03-24 00:29:00,aisha.haddad@demomail.test,Alex Mensah,2024-09-10 14:10:00,,,,N,Gamma,101795,skyler.ford@acme-fake.test,103729,REF-8466,N,100178,Diego Mensah
100702,Event Attendee,109715,elena.blake@examplecorp.test,Marco Patel,2023-12-06 21:07:00,mei.whitfield@demomail.test,Marco Haddad,2024-10-06 12:04:00,nina.cohen@acme-fake.test,Skyler Costa,2026-02-28 17:35:00,,,,N,Standard,101858,nina.cohen@examplecorp.test,102677,TAG-2324,Y,100645,Avery Cohen
100335,Event Attendee,109717,mei.sato@sampleco.test,Quinn Sato,2022-10-04 09:24:00,omar.sato@acme-fake.test,Mei Silva,2024-12-21 11:27:00,yara.reyes@acme-fake.test,Jamie Ivanov,2023-07-08 07:26:00,,,,Y,Other,101825,elena.patel@sampleco.test,103146,TAG-5534,N,100727,Casey Ivanov
100296,Event Attendee,109718,chen.calder@acme-fake.test,Casey Okafor,2026-01-14 00:51:00,omar.blake@sampleco.test,Elena Patel,2023-09-30 00:07:00,rahul.okafor@examplecorp.test,Rahul Mensah,2025-06-27 02:52:00,,,,Y,Gamma,101865,sofia.rossi@demomail.test,104089,TAG-2496,Y,100328,Emerson Sato
100123,Event Attendee,109719,priya.vance@demomail.test,Sofia Vance,2024-04-24 11:21:00,yara.larsson@demomail.test,Yara Reyes,2024-10-13 00:57:00,rahul.ivanov@acme-fake.test,Diego Ivanov,2023-04-18 12:36:00,,,,N,Gamma,101819,rowan.kim@demomail.test,102513,SKU-4781,N,100120,Morgan Haddad
100490,Event Attendee,109720,taylor.ashby@examplecorp.test,Yara Garcia,2025-03-06 21:12:00,arjun.ivanov@acme-fake.test,Emerson Vance,2024-05-19 06:09:00,skyler.patel@acme-fake.test,Chen Nguyen,2024-01-11 05:59:00,,,,N,Beta,101883,fatima.brooks@acme-fake.test,104524,REF-4666,N,100710,Mei Mercer
100669,Event Attendee,109721,rowan.garcia@sampleco.test,Drew Patel,2023-07-16 23:55:00,noah.sato@acme-fake.test,Omar Rossi,2026-07-19 05:33:00,skyler.mensah@demomail.test,Taylor Nguyen,2023-05-19 09:14:00,,,,Y,Delta,101854,marco.silva@sampleco.test,102624,SKU-4740,N,100660,Morgan Ivanov
100732,Event Attendee,109722,rowan.whitfield@demomail.test,Avery Patel,2026-01-12 09:44:00,sofia.garcia@acme-fake.test,Omar Garcia,2023-01-30 08:59:00,chen.mensah@demomail.test,Emerson Sato,2025-08-02 02:35:00,,,,N,Beta,101871,taylor.ivanov@demomail.test,104604,LOT-2692,Y,100462,Jamie Reyes
100420,Event Attendee,109725,elena.okafor@sampleco.test,Yara Kim,2022-10-23 21:07:00,fatima.silva@sampleco.test,Aisha Kim,2023-01-16 06:33:00,arjun.rossi@sampleco.test,Reese Calder,2025-10-18 16:07:00,,,,N,Beta,101794,liam.sato@acme-fake.test,102500,REF-5448,N,100375,Riley Garcia
100671,Event Attendee,109728,drew.nguyen@examplecorp.test,Aisha Blake,2026-05-19 09:29:00,priya.mensah@acme-fake.test,Diego Mercer,2023-12-29 03:17:00,alex.calder@sampleco.test,Elena Larsson,2023-08-07 22:44:00,,,,Y,Alpha,101794,rahul.mercer@acme-fake.test,104567,SKU-4033,Y,100387,Alex Haddad
100071,Event Attendee,109731,emerson.ashby@sampleco.test,Rowan Costa,2024-12-17 03:16:00,alex.nguyen@demomail.test,Quinn Calder,2026-05-22 21:10:00,yara.blake@examplecorp.test,Quinn Mensah,2026-07-17 13:24:00,,,,Y,Alpha,101825,avery.ivanov@examplecorp.test,103067,REF-6791,Y,100256,Drew Blake
100089,Event Attendee,109732,marco.garcia@demomail.test,Chen Patel,2023-12-09 13:30:00,jamie.rossi@demomail.test,Sofia Rossi,2022-10-31 16:50:00,omar.brooks@examplecorp.test,Diego Vance,2025-05-01 05:19:00,,,,Y,Standard,101807,fatima.ivanov@sampleco.test,102746,LOT-8210,Y,100765,Skyler Mercer
100635,Event Attendee,109733,skyler.brooks@acme-fake.test,Omar Cohen,2024-05-22 02:26:00,jordan.mercer@sampleco.test,Mei Cohen,2023-12-09 00:48:00,rahul.calder@demomail.test,Jordan Kim,2026-04-29 13:44:00,,,,Y,Beta,101805,casey.patel@acme-fake.test,103749,REF-2341,Y,100532,Skyler Sato
100196,Event Attendee,109735,reese.ivanov@sampleco.test,Liam Kim,2024-07-26 13:12:00,emerson.ivanov@sampleco.test,Avery Mercer,2026-04-04 23:07:00,avery.cohen@acme-fake.test,Mei Dorsey,2024-07-09 01:31:00,,,,N,Delta,101873,arjun.patel@acme-fake.test,103128,TAG-6965,Y,100112,Jordan Nguyen
100659,Event Attendee,109738,taylor.whitfield@demomail.test,Mei Mercer,2026-04-11 05:24:00,emerson.brooks@examplecorp.test,Taylor Silva,2022-12-03 00:55:00,avery.silva@demomail.test,Morgan Blake,2025-02-15 18:37:00,,,,N,Beta,101886,arjun.haddad@examplecorp.test,104395,TAG-5017,Y,100558,Jamie Blake
100568,Event Attendee,109741,fatima.reyes@acme-fake.test,Omar Ivanov,2023-08-25 23:40:00,quinn.larsson@acme-fake.test,Noah Larsson,2024-08-22 13:34:00,diego.okafor@acme-fake.test,Yara Ford,2025-11-30 02:16:00,,,,N,Alpha,101822,drew.okafor@demomail.test,101955,SKU-6393,N,100309,Liam Sloan
100490,Event Attendee,109743,skyler.okafor@demomail.test,Quinn Ashby,2026-05-10 14:32:00,noah.vance@examplecorp.test,Rahul Rossi,2026-07-18 13:08:00,fatima.haddad@acme-fake.test,Alex Cohen,2024-12-15 06:05:00,,,,Y,Delta,101813,aisha.sloan@acme-fake.test,102548,TAG-3420,Y,100743,Emerson Cohen
100559,Event Attendee,109744,rahul.rossi@demomail.test,Elena Haddad,2023-09-01 11:05:00,riley.rossi@acme-fake.test,Nina Okafor,2026-03-30 06:02:00,elena.cohen@sampleco.test,Priya Larsson,2024-03-21 02:31:00,,,,Y,Alpha,101886,rowan.cohen@demomail.test,102212,SKU-3256,Y,100123,Riley Nguyen
100246,Event Attendee,109747,rahul.haddad@acme-fake.test,Chen Ford,2023-06-08 22:39:00,arjun.patel@examplecorp.test,Fatima Costa,2024-09-15 05:34:00,yara.ivanov@acme-fake.test,Yara Cohen,2023-01-26 10:11:00,,,,Y,Alpha,101875,skyler.ashby@examplecorp.test,103124,REF-1742,N,100756,Elena Nguyen
100753,Event Attendee,109750,fatima.reyes@examplecorp.test,Diego Silva,2023-01-31 18:06:00,noah.patel@demomail.test,Marco Reyes,2022-12-15 12:00:00,jordan.dorsey@examplecorp.test,Liam Mercer,2026-05-08 19:49:00,,,,Y,Gamma,101795,casey.dorsey@acme-fake.test,102686,REF-5652,Y,100733,Alex Mercer
100774,Event Attendee,109753,jamie.garcia@sampleco.test,Elena Garcia,2024-05-29 09:07:00,diego.haddad@demomail.test,Elena Nguyen,2025-11-18 12:15:00,diego.blake@demomail.test,Fatima Cohen,2023-12-21 06:27:00,,,,N,Gamma,101873,priya.mensah@acme-fake.test,104751,REF-7463,N,100707,Rowan Rossi
100121,Event Attendee,109755,priya.mensah@demomail.test,Skyler Okafor,2023-11-04 10:59:00,taylor.mensah@demomail.test,Sofia Rossi,2024-03-14 17:24:00,sofia.sloan@sampleco.test,Elena Sloan,2024-10-03 14:28:00,,,,N,Alpha,101834,skyler.okafor@examplecorp.test,103190,TAG-5046,N,100028,Marco Reyes
100031,Event Attendee,109758,avery.kim@demomail.test,Sofia Brooks,2023-02-04 23:00:00,fatima.patel@examplecorp.test,Morgan Mercer,2022-11-19 15:14:00,quinn.costa@acme-fake.test,Jordan Haddad,2026-07-04 04:04:00,,,,Y,Standard,101873,priya.costa@demomail.test,103688,TAG-7689,Y,100003,Omar Nguyen
100339,Event Attendee,109761,emerson.okafor@demomail.test,Emerson Costa,2026-05-20 19:42:00,marco.nguyen@acme-fake.test,Taylor Sloan,2023-11-07 16:21:00,jordan.mercer@demomail.test,Priya Ashby,2025-04-19 10:39:00,,,,Y,Delta,101846,rowan.haddad@acme-fake.test,104157,REF-1388,Y,100572,Omar Garcia
100188,Event Attendee,109762,morgan.ivanov@sampleco.test,Mei Brooks,2022-12-29 00:38:00,reese.sato@examplecorp.test,Liam Costa,2024-05-26 13:53:00,nina.whitfield@demomail.test,Marco Mensah,2023-03-15 09:29:00,,,,Y,Delta,101803,priya.garcia@examplecorp.test,104122,REF-2062,Y,100554,Emerson Mensah
100352,Event Attendee,109763,mei.okafor@examplecorp.test,Alex Sloan,2023-02-27 02:06:00,jordan.haddad@acme-fake.test,Drew Ivanov,2023-05-26 20:04:00,rahul.vance@demomail.test,Jamie Garcia,2025-01-25 22:50:00,,,,N,Standard,101861,mei.rossi@sampleco.test,104785,REF-5280,N,100253,Noah Sato
100359,Event Attendee,109765,emerson.calder@sampleco.test,Yara Mensah,2024-11-21 14:19:00,rahul.dorsey@demomail.test,Quinn Rossi,2023-08-09 14:14:00,reese.patel@demomail.test,Chen Ivanov,2026-04-08 11:15:00,,,,Y,Other,101853,sofia.ford@acme-fake.test,104530,SKU-2820,N,100645,Drew Silva
100770,Event Attendee,109768,jordan.vance@demomail.test,Quinn Mensah,2024-12-01 18:27:00,elena.ivanov@acme-fake.test,Elena Dorsey,2024-11-25 09:22:00,morgan.sloan@acme-fake.test,Riley Brooks,2024-04-23 01:16:00,,,,N,Beta,101881,marco.mercer@acme-fake.test,104725,LOT-4615,N,100383,Elena Calder
100335,Event Attendee,109769,jamie.rossi@sampleco.test,Skyler Vance,2026-05-14 20:55:00,alex.larsson@examplecorp.test,Aisha Garcia,2024-10-20 21:23:00,liam.ford@demomail.test,Drew Ashby,2024-02-25 20:59:00,,,,Y,Beta,101858,emerson.blake@examplecorp.test,104186,LOT-1284,N,100281,Morgan Ford
100412,Event Attendee,109770,casey.okafor@demomail.test,Quinn Blake,2024-12-05 14:53:00,jamie.mercer@sampleco.test,Morgan Reyes,2025-10-21 15:40:00,rahul.rossi@demomail.test,Rahul Sloan,2023-08-27 21:00:00,,,,N,Alpha,101867,emerson.blake@sampleco.test,104377,TAG-2855,N,100348,Jamie Mercer
100470,Event Attendee,109771,riley.sloan@examplecorp.test,Mei Reyes,2022-12-16 08:29:00,taylor.garcia@sampleco.test,Fatima Nguyen,2026-06-22 17:38:00,priya.costa@acme-fake.test,Morgan Whitfield,2026-03-23 05:45:00,,,,Y,Alpha,101827,casey.whitfield@acme-fake.test,102835,LOT-5643,N,100139,Taylor Garcia
100115,Event Attendee,109774,taylor.vance@examplecorp.test,Sofia Mensah,2025-08-11 00:59:00,omar.vance@examplecorp.test,Morgan Ashby,2026-04-03 21:45:00,rowan.calder@sampleco.test,Skyler Rossi,2023-07-19 03:02:00,,,,Y,Alpha,101831,drew.rossi@examplecorp.test,102315,SKU-9757,Y,100317,Fatima Mercer
100442,Event Attendee,109775,elena.larsson@acme-fake.test,Elena Reyes,2022-12-01 09:54:00,diego.cohen@sampleco.test,Sofia Calder,2023-07-20 15:44:00,taylor.dorsey@examplecorp.test,Morgan Rossi,2024-12-02 05:35:00,,,,N,Delta,101812,liam.cohen@sampleco.test,102688,SKU-2851,N,100300,Diego Whitfield
100389,Event Attendee,109778,jamie.ashby@demomail.test,Taylor Patel,2023-11-12 11:06:00,jordan.whitfield@acme-fake.test,Quinn Kim,2024-04-19 06:56:00,casey.kim@sampleco.test,Emerson Calder,2024-12-27 01:11:00,,,,N,Beta,101881,arjun.okafor@examplecorp.test,102543,REF-3270,Y,100005,Elena Sloan
100335,Event Attendee,109780,avery.haddad@examplecorp.test,Marco Cohen,2026-06-23 06:16:00,elena.whitfield@demomail.test,Marco Mercer,2023-03-16 04:50:00,avery.blake@acme-fake.test,Riley Brooks,2024-10-22 12:39:00,,,,N,Other,101867,reese.garcia@demomail.test,103357,REF-2567,N,100220,Mei Sato
100119,Event Attendee,109782,quinn.ford@sampleco.test,Liam Dorsey,2023-01-05 03:25:00,alex.blake@examplecorp.test,Arjun Kim,2024-05-18 17:29:00,priya.reyes@acme-fake.test,Priya Blake,2023-09-10 23:47:00,,,,N,Beta,101873,quinn.larsson@acme-fake.test,104431,TAG-3328,N,100741,Taylor Costa
100260,Event Attendee,109785,arjun.larsson@demomail.test,Nina Silva,2024-09-17 23:44:00,omar.mercer@demomail.test,Liam Mensah,2023-03-09 10:37:00,alex.dorsey@demomail.test,Nina Mensah,2023-04-27 13:11:00,,,,N,Other,101875,mei.cohen@sampleco.test,103881,TAG-6717,N,100134,Chen Ashby
100133,Event Attendee,109786,priya.calder@acme-fake.test,Morgan Mercer,2025-11-02 06:46:00,riley.blake@examplecorp.test,Quinn Haddad,2023-07-07 11:40:00,nina.costa@examplecorp.test,Arjun Blake,2024-09-12 23:18:00,,,,N,Alpha,101870,jordan.ford@acme-fake.test,102339,REF-2367,Y,100371,Drew Sloan
100704,Event Attendee,109787,avery.nguyen@sampleco.test,Aisha Calder,2024-08-24 23:31:00,aisha.mercer@examplecorp.test,Rowan Patel,2026-02-18 04:40:00,marco.larsson@sampleco.test,Omar Calder,2025-07-15 03:19:00,,,,N,Alpha,101889,jamie.costa@acme-fake.test,103558,SKU-1078,Y,100689,Mei Rossi
100566,Event Attendee,109789,yara.reyes@demomail.test,Marco Dorsey,2026-04-08 23:12:00,morgan.sloan@acme-fake.test,Nina Nguyen,2022-12-18 16:19:00,elena.kim@acme-fake.test,Elena Sloan,2025-10-21 09:35:00,,,,N,Beta,101849,rowan.calder@acme-fake.test,104505,TAG-4393,Y,100768,Fatima Mensah
100601,Event Attendee,109790,alex.larsson@sampleco.test,Riley Ivanov,2023-09-22 09:25:00,taylor.kim@demomail.test,Taylor Larsson,2025-08-22 22:54:00,reese.dorsey@acme-fake.test,Reese Kim,2022-12-26 01:33:00,,,,Y,Gamma,101858,arjun.reyes@sampleco.test,104666,LOT-8204,N,100460,Omar Nguyen
100194,Event Attendee,109793,fatima.mercer@examplecorp.test,Skyler Patel,2026-07-30 13:53:00,alex.nguyen@sampleco.test,Emerson Dorsey,2022-11-25 03:58:00,casey.silva@acme-fake.test,Rahul Calder,2025-01-30 03:14:00,,,,N,Gamma,101837,riley.mensah@examplecorp.test,103018,REF-2792,N,100624,Reese Brooks
100125,Event Attendee,109794,diego.ashby@acme-fake.test,Reese Haddad,2022-11-09 13:22:00,jordan.garcia@acme-fake.test,Rowan Whitfield,2025-09-29 15:19:00,taylor.dorsey@demomail.test,Alex Sato,2023-07-29 17:45:00,,,,Y,Standard,101817,diego.haddad@demomail.test,102209,SKU-6916,N,100596,Jordan Ivanov
100785,Event Attendee,109797,jordan.garcia@sampleco.test,Chen Rossi,2025-01-27 14:40:00,chen.garcia@examplecorp.test,Fatima Ford,2025-06-25 22:34:00,jordan.nguyen@acme-fake.test,Nina Silva,2023-09-05 05:47:00,,,,Y,Alpha,101805,mei.costa@sampleco.test,104323,TAG-7078,Y,100787,Aisha Sloan
100286,Event Attendee,109798,jordan.cohen@sampleco.test,Morgan Calder,2022-11-09 02:51:00,jamie.kim@sampleco.test,Mei Costa,2026-04-19 03:34:00,yara.nguyen@sampleco.test,Riley Sloan,2026-07-26 02:40:00,,,,Y,Standard,101805,elena.haddad@acme-fake.test,102622,SKU-6254,Y,100400,Alex Haddad
100601,Event Attendee,109799,jamie.larsson@acme-fake.test,Nina Brooks,2026-07-02 14:21:00,chen.dorsey@sampleco.test,Casey Ivanov,2026-05-05 05:57:00,jordan.garcia@examplecorp.test,Jamie Kim,2024-06-25 21:50:00,,,,N,Standard,101883,drew.sato@sampleco.test,102530,TAG-5552,Y,100779,Alex Vance
100380,Event Attendee,109800,alex.sloan@sampleco.test,Arjun Sloan,2024-01-14 19:04:00,rahul.okafor@sampleco.test,Yara Mensah,2024-06-15 18:24:00,omar.dorsey@examplecorp.test,Taylor Ford,2025-01-13 10:45:00,,,,Y,Standard,101846,reese.mensah@demomail.test,104858,TAG-2893,Y,100753,Aisha Garcia
100542,Event Attendee,109802,sofia.whitfield@acme-fake.test,Drew Reyes,2023-01-29 11:11:00,jordan.calder@acme-fake.test,Drew Kim,2022-12-15 01:33:00,skyler.dorsey@examplecorp.test,Marco Vance,2023-07-20 23:23:00,,,,N,Alpha,101846,riley.ivanov@sampleco.test,104463,SKU-9958,Y,100003,Arjun Garcia
100319,Event Attendee,109803,avery.ford@acme-fake.test,Reese Kim,2023-03-09 02:06:00,reese.patel@examplecorp.test,Quinn Dorsey,2025-11-11 17:10:00,diego.ashby@examplecorp.test,Drew Mercer,2026-04-02 15:11:00,,,,N,Other,101887,casey.ashby@demomail.test,103462,SKU-7870,N,100516,Riley Silva
100325,Event Attendee,109805,jordan.kim@sampleco.test,Jordan Silva,2026-02-23 08:35:00,quinn.cohen@demomail.test,Jamie Nguyen,2022-12-01 11:57:00,noah.ford@sampleco.test,Arjun Rossi,2025-07-23 17:30:00,,,,Y,Standard,101840,drew.sloan@examplecorp.test,102184,SKU-8177,Y,100651,Taylor Whitfield
100756,Event Attendee,109808,skyler.reyes@acme-fake.test,Avery Sloan,2024-07-13 23:34:00,yara.nguyen@acme-fake.test,Taylor Dorsey,2026-07-05 07:47:00,skyler.ashby@acme-fake.test,Taylor Dorsey,2024-04-03 20:44:00,,,,Y,Standard,101798,jordan.reyes@sampleco.test,103600,LOT-9374,Y,100785,Casey Patel
100741,Event Attendee,109810,taylor.mercer@acme-fake.test,Emerson Mercer,2026-02-07 21:11:00,omar.ford@examplecorp.test,Reese Ashby,2025-09-24 17:09:00,avery.reyes@sampleco.test,Omar Larsson,2022-12-05 12:05:00,,,,N,Alpha,101817,avery.sato@examplecorp.test,102851,LOT-8996,N,100590,Skyler Ashby
100296,Event Attendee,109812,taylor.cohen@examplecorp.test,Avery Whitfield,2023-12-23 10:05:00,arjun.garcia@sampleco.test,Priya Calder,2024-08-31 08:32:00,riley.haddad@demomail.test,Jamie Sato,2025-10-15 10:35:00,,,,Y,Beta,101800,fatima.calder@sampleco.test,103800,LOT-6898,N,100784,Jamie Blake
100303,Event Attendee,109814,sofia.nguyen@sampleco.test,Marco Ivanov,2023-01-09 11:32:00,jamie.cohen@sampleco.test,Taylor Blake,2025-06-27 20:09:00,chen.cohen@demomail.test,Omar Sato,2026-01-25 20:54:00,,,,Y,Delta,101857,chen.costa@demomail.test,102628,TAG-5639,Y,100771,Taylor Blake
100601,Event Attendee,109815,reese.ivanov@examplecorp.test,Casey Okafor,2023-06-06 22:38:00,elena.mensah@examplecorp.test,Liam Dorsey,2023-06-18 14:34:00,taylor.ivanov@sampleco.test,Taylor Brooks,2026-02-16 04:42:00,,,,Y,Standard,101794,diego.brooks@demomail.test,104006,LOT-7235,N,100576,Mei Cohen
100200,Event Attendee,109817,riley.kim@examplecorp.test,Rowan Cohen,2025-02-25 22:47:00,aisha.larsson@sampleco.test,Jamie Kim,2023-05-15 22:37:00,morgan.ford@sampleco.test,Riley Cohen,2023-11-20 01:01:00,,,,Y,Beta,101881,marco.ivanov@demomail.test,101894,TAG-9681,N,100569,Reese Mercer
100201,Event Attendee,109819,avery.larsson@sampleco.test,Liam Sato,2025-01-07 15:23:00,priya.kim@acme-fake.test,Casey Dorsey,2022-11-17 16:29:00,diego.costa@examplecorp.test,Yara Calder,2023-11-20 13:19:00,,,,Y,Beta,101886,marco.okafor@demomail.test,102091,SKU-6618,N,100153,Elena Mensah
100263,Event Attendee,109822,arjun.haddad@examplecorp.test,Riley Whitfield,2026-06-05 16:10:00,reese.okafor@examplecorp.test,Avery Dorsey,2026-04-24 07:12:00,mei.patel@examplecorp.test,Taylor Sato,2025-11-26 02:51:00,,,,Y,Other,101831,elena.sato@examplecorp.test,102430,REF-7712,N,100162,Riley Mensah
100420,Event Attendee,109825,aisha.cohen@demomail.test,Yara Okafor,2024-08-02 07:11:00,emerson.blake@demomail.test,Emerson Sloan,2025-09-09 18:18:00,rahul.reyes@demomail.test,Diego Sato,2024-06-06 05:11:00,,,,Y,Other,101800,rahul.haddad@examplecorp.test,104081,TAG-3792,Y,100429,Emerson Okafor
100647,Event Attendee,109827,yara.haddad@demomail.test,Liam Ford,2022-11-30 19:48:00,skyler.sato@sampleco.test,Jamie Blake,2025-03-06 03:18:00,jamie.patel@sampleco.test,Alex Silva,2023-02-02 05:35:00,,,,Y,Other,101875,quinn.silva@acme-fake.test,103698,LOT-4375,Y,100348,Casey Ford
100481,Event Attendee,109829,morgan.ashby@acme-fake.test,Drew Sato,2022-11-28 18:08:00,sofia.sloan@acme-fake.test,Elena Reyes,2025-05-04 04:29:00,nina.larsson@demomail.test,Emerson Sloan,2025-09-15 22:22:00,,,,N,Other,101881,noah.haddad@demomail.test,103636,SKU-5510,N,100775,Avery Ford
100509,Event Attendee,109832,drew.ivanov@acme-fake.test,Liam Costa,2025-11-11 06:19:00,aisha.kim@sampleco.test,Emerson Rossi,2024-04-17 20:43:00,noah.silva@sampleco.test,Omar Vance,2023-08-27 19:51:00,,,,N,Delta,101813,chen.vance@sampleco.test,103924,TAG-5445,N,100514,Elena Ivanov
100730,Event Attendee,109835,chen.garcia@acme-fake.test,Drew Okafor,2025-08-26 11:39:00,fatima.okafor@sampleco.test,Alex Reyes,2024-12-14 10:41:00,mei.sato@examplecorp.test,Emerson Ashby,2022-12-13 02:01:00,,,,N,Beta,101821,taylor.patel@examplecorp.test,103501,TAG-4663,Y,100568,Liam Silva
100273,Event Attendee,109838,jamie.mensah@examplecorp.test,Reese Ford,2024-02-04 23:02:00,casey.haddad@demomail.test,Sofia Brooks,2025-12-28 12:57:00,morgan.sato@demomail.test,Arjun Mensah,2022-12-01 09:33:00,,,,Y,Standard,101795,casey.kim@examplecorp.test,104087,TAG-1901,N,100481,Nina Kim
100689,Event Attendee,109840,priya.blake@examplecorp.test,Skyler Patel,2023-08-27 10:54:00,rahul.brooks@acme-fake.test,Drew Okafor,2026-01-23 07:15:00,jamie.dorsey@acme-fake.test,Nina Vance,2022-12-29 18:27:00,,,,N,Gamma,101813,chen.patel@demomail.test,104391,LOT-1509,N,100790,Alex Ashby
100263,Event Attendee,109842,noah.nguyen@acme-fake.test,Diego Haddad,2025-08-01 01:55:00,emerson.dorsey@acme-fake.test,Elena Sloan,2026-03-19 14:11:00,emerson.larsson@examplecorp.test,Noah Ford,2025-07-15 11:49:00,,,,Y,Other,101805,fatima.sato@demomail.test,102680,LOT-4709,N,100183,Yara Garcia
100582,Event Attendee,109844,chen.ashby@sampleco.test,Casey Rossi,2023-04-22 11:19:00,riley.blake@acme-fake.test,Arjun Costa,2025-11-11 22:21:00,arjun.garcia@sampleco.test,Arjun Nguyen,2025-12-24 19:56:00,,,,Y,Standard,101810,rahul.ivanov@sampleco.test,102834,LOT-2917,N,100343,Yara Whitfield
100572,Event Attendee,109846,quinn.patel@demomail.test,Omar Blake,2024-12-26 06:31:00,casey.sloan@examplecorp.test,Arjun Ivanov,2024-06-10 03:25:00,marco.patel@demomail.test,Aisha Dorsey,2023-04-03 04:57:00,,,,Y,Other,101888,chen.cohen@demomail.test,104540,REF-5937,Y,100315,Omar Ivanov
100587,Event Attendee,109848,fatima.mercer@acme-fake.test,Rowan Larsson,2025-07-14 11:43:00,aisha.silva@acme-fake.test,Elena Brooks,2024-03-12 13:41:00,marco.larsson@acme-fake.test,Nina Haddad,2026-05-29 18:15:00,,,,N,Beta,101803,rowan.brooks@examplecorp.test,103526,SKU-1635,N,100493,Sofia Kim
100791,Event Attendee,109850,morgan.reyes@sampleco.test,Elena Reyes,2023-02-17 23:49:00,taylor.haddad@examplecorp.test,Riley Sloan,2025-08-12 22:01:00,liam.haddad@sampleco.test,Avery Dorsey,2024-07-05 13:03:00,,,,N,Gamma,101798,jordan.ashby@demomail.test,102349,LOT-7579,N,100550,Mei Ivanov
100253,Event Attendee,109852,arjun.blake@acme-fake.test,Elena Haddad,2025-07-25 10:17:00,drew.vance@examplecorp.test,Rowan Garcia,2025-08-08 14:04:00,alex.mensah@acme-fake.test,Jordan Nguyen,2024-02-05 06:44:00,,,,N,Alpha,101846,fatima.whitfield@sampleco.test,102716,LOT-4802,N,100472,Diego Ford
100016,Event Attendee,109853,nina.haddad@sampleco.test,Nina Sloan,2023-12-25 23:17:00,liam.cohen@sampleco.test,Rowan Silva,2023-05-21 04:01:00,quinn.ford@acme-fake.test,Emerson Patel,2023-11-09 23:01:00,,,,Y,Gamma,101801,morgan.calder@demomail.test,104445,REF-8365,N,100470,Jordan Mercer
100016,Event Attendee,109856,taylor.vance@acme-fake.test,Emerson Larsson,2023-07-07 05:17:00,drew.ashby@examplecorp.test,Mei Brooks,2025-06-26 11:49:00,skyler.mensah@demomail.test,Diego Cohen,2024-11-29 20:46:00,,,,Y,Delta,101878,riley.reyes@demomail.test,102677,SKU-2949,Y,100493,Arjun Reyes
100396,Event Attendee,109857,rahul.mercer@sampleco.test,Diego Ford,2024-08-09 13:58:00,jamie.sato@sampleco.test,Riley Cohen,2024-12-15 11:50:00,sofia.mercer@sampleco.test,Sofia Vance,2023-09-05 21:13:00,,,,Y,Gamma,101865,marco.sloan@acme-fake.test,104818,TAG-1457,Y,100311,Reese Silva
100494,Event Attendee,109859,rowan.patel@examplecorp.test,Morgan Reyes,2024-02-12 08:35:00,rowan.nguyen@examplecorp.test,Emerson Patel,2023-01-26 03:42:00,aisha.dorsey@acme-fake.test,Priya Calder,2025-05-03 16:13:00,,,,Y,Beta,101800,emerson.calder@demomail.test,102318,LOT-5043,N,100669,Taylor Whitfield
100435,Event Attendee,109861,nina.mercer@sampleco.test,Fatima Ivanov,2023-03-18 18:22:00,elena.sato@acme-fake.test,Chen Garcia,2024-02-14 19:03:00,rowan.whitfield@examplecorp.test,Mei Dorsey,2024-05-26 03:08:00,,,,Y,Standard,101871,avery.costa@sampleco.test,102689,LOT-1324,N,100449,Jamie Kim
100065,Event Attendee,109862,morgan.silva@acme-fake.test,Riley Whitfield,2023-12-12 00:38:00,omar.sato@examplecorp.test,Priya Rossi,2023-01-06 11:20:00,riley.ivanov@sampleco.test,Avery Kim,2025-03-10 19:58:00,,,,N,Other,101798,jordan.mercer@acme-fake.test,102596,REF-5912,N,100029,Nina Nguyen
100005,Event Attendee,109863,rowan.rossi@acme-fake.test,Chen Ford,2023-08-21 09:31:00,omar.whitfield@sampleco.test,Fatima Brooks,2026-07-03 04:15:00,morgan.kim@acme-fake.test,Priya Costa,2024-09-10 22:19:00,,,,N,Alpha,101886,nina.cohen@examplecorp.test,102192,REF-4557,N,100469,Jamie Reyes
100686,Event Attendee,109865,priya.whitfield@demomail.test,Casey Ford,2025-09-07 13:02:00,riley.haddad@examplecorp.test,Omar Patel,2023-03-30 22:18:00,sofia.mercer@demomail.test,Marco Ivanov,2024-06-07 23:14:00,,,,Y,Alpha,101831,noah.blake@demomail.test,102975,REF-3936,N,100022,Morgan Larsson
100398,Event Attendee,109867,rahul.ashby@demomail.test,Omar Mensah,2022-11-21 09:52:00,aisha.dorsey@acme-fake.test,Drew Cohen,2023-02-23 09:46:00,sofia.silva@acme-fake.test,Jamie Sloan,2024-02-19 11:02:00,,,,N,Other,101853,jordan.ivanov@demomail.test,102618,LOT-4777,Y,100149,Jordan Mercer
100790,Event Attendee,109868,skyler.rossi@acme-fake.test,Liam Silva,2025-03-28 02:33:00,rowan.haddad@acme-fake.test,Arjun Vance,2025-07-09 11:13:00,jamie.calder@examplecorp.test,Noah Garcia,2022-11-12 19:50:00,,,,N,Delta,101822,nina.ivanov@examplecorp.test,104583,REF-6867,Y,100109,Morgan Blake
100434,Event Attendee,109869,mei.nguyen@acme-fake.test,Noah Ford,2024-04-25 08:03:00,mei.ashby@acme-fake.test,Emerson Ivanov,2025-04-18 02:55:00,drew.costa@acme-fake.test,Rowan Mercer,2024-05-22 16:34:00,,,,N,Alpha,101849,noah.ford@examplecorp.test,104504,REF-9412,N,100396,Priya Brooks
100787,Event Attendee,109872,diego.silva@sampleco.test,Rowan Brooks,2022-12-30 14:21:00,priya.brooks@acme-fake.test,Diego Whitfield,2025-01-15 15:39:00,fatima.haddad@demomail.test,Arjun Kim,2022-10-31 16:58:00,,,,N,Beta,101867,omar.silva@demomail.test,103146,TAG-9210,Y,100193,Liam Costa
100775,Event Attendee,109874,diego.kim@sampleco.test,Avery Dorsey,2023-09-08 15:15:00,noah.larsson@examplecorp.test,Drew Vance,2024-11-21 11:05:00,marco.mercer@sampleco.test,Noah Larsson,2023-01-12 22:47:00,,,,Y,Other,101827,avery.ivanov@examplecorp.test,104115,TAG-5896,N,100558,Drew Haddad
100448,Event Attendee,109876,arjun.mercer@sampleco.test,Nina Nguyen,2022-10-13 20:48:00,riley.kim@examplecorp.test,Jordan Kim,2025-03-09 07:20:00,avery.okafor@examplecorp.test,Elena Dorsey,2024-09-24 16:35:00,,,,Y,Standard,101827,reese.brooks@acme-fake.test,103456,SKU-2099,Y,100494,Casey Ashby
100601,Event Attendee,109877,rahul.whitfield@acme-fake.test,Jamie Ivanov,2023-06-14 11:36:00,noah.mensah@sampleco.test,Jordan Haddad,2023-05-23 02:50:00,omar.okafor@acme-fake.test,Marco Vance,2024-06-24 07:56:00,,,,Y,Gamma,101822,noah.dorsey@sampleco.test,102739,REF-7536,Y,100680,Alex Mercer
100634,Event Attendee,109879,reese.dorsey@examplecorp.test,Avery Larsson,2023-12-20 13:01:00,priya.dorsey@acme-fake.test,Noah Cohen,2025-07-24 14:42:00,noah.sloan@demomail.test,Emerson Mensah,2024-02-05 06:34:00,,,,Y,Gamma,101860,rahul.haddad@examplecorp.test,103558,LOT-4342,N,100761,Yara Brooks
100688,Event Attendee,109881,chen.silva@examplecorp.test,Liam Vance,2022-11-04 03:19:00,morgan.ivanov@acme-fake.test,Yara Sloan,2026-05-23 08:00:00,aisha.mensah@examplecorp.test,Quinn Kim,2024-03-27 03:16:00,,,,N,Delta,101825,rowan.ashby@demomail.test,103334,TAG-9655,N,100117,Liam Patel
100335,Event Attendee,109884,reese.whitfield@demomail.test,Emerson Vance,2026-05-12 02:22:00,elena.mensah@demomail.test,Drew Dorsey,2024-06-25 14:06:00,chen.sato@examplecorp.test,Fatima Nguyen,2024-08-27 05:29:00,,,,Y,Standard,101883,casey.blake@demomail.test,103641,TAG-6631,N,100029,Aisha Patel
100671,Event Attendee,109885,jamie.reyes@acme-fake.test,Fatima Ford,2024-12-18 08:13:00,arjun.mensah@sampleco.test,Jamie Blake,2025-10-02 09:04:00,riley.ivanov@sampleco.test,Skyler Rossi,2023-06-19 04:28:00,,,,N,Delta,101857,aisha.sloan@demomail.test,102835,REF-7486,N,100462,Chen Mercer
100073,Event Attendee,109888,reese.larsson@examplecorp.test,Rahul Ivanov,2024-10-02 05:48:00,quinn.whitfield@examplecorp.test,Liam Blake,2023-07-28 19:42:00,marco.vance@demomail.test,Taylor Patel,2025-08-02 00:04:00,,,,N,Other,101888,noah.vance@acme-fake.test,102338,LOT-7454,N,100257,Fatima Sato
100386,Event Attendee,109889,noah.rossi@acme-fake.test,Morgan Costa,2024-09-08 11:05:00,noah.ford@demomail.test,Quinn Dorsey,2024-12-24 00:33:00,taylor.kim@examplecorp.test,Casey Ford,2026-03-09 03:47:00,,,,Y,Other,101792,noah.brooks@sampleco.test,103387,LOT-3978,N,100733,Mei Sato
100140,Event Attendee,109891,fatima.sloan@sampleco.test,Skyler Rossi,2023-04-24 22:33:00,jamie.sloan@sampleco.test,Elena Dorsey,2023-11-03 03:10:00,arjun.kim@demomail.test,Arjun Dorsey,2025-05-17 02:07:00,,,,N,Delta,101812,nina.whitfield@examplecorp.test,104490,SKU-1020,Y,100565,Sofia Rossi
100650,Event Attendee,109894,skyler.rossi@sampleco.test,Liam Whitfield,2025-09-02 23:04:00,mei.sato@sampleco.test,Taylor Mercer,2023-12-25 22:36:00,riley.ford@demomail.test,Jordan Haddad,2023-08-23 23:51:00,,,,Y,Other,101805,casey.patel@acme-fake.test,103581,TAG-7703,Y,100784,Omar Cohen
100665,Event Attendee,109896,fatima.sloan@acme-fake.test,Sofia Sato,2023-02-13 21:37:00,taylor.haddad@demomail.test,Priya Silva,2025-09-09 17:45:00,emerson.haddad@demomail.test,Riley Calder,2026-03-13 18:32:00,,,,Y,Standard,101812,elena.silva@acme-fake.test,103648,SKU-8444,N,100529,Noah Patel
100726,Event Attendee,109899,casey.nguyen@examplecorp.test,Emerson Silva,2024-07-02 01:52:00,rahul.haddad@acme-fake.test,Yara Haddad,2025-02-19 22:03:00,omar.silva@demomail.test,Avery Garcia,2025-02-13 09:35:00,,,,N,Beta,101830,rowan.ford@examplecorp.test,103608,LOT-5596,N,100448,Priya Sato
100540,Event Attendee,109902,arjun.haddad@sampleco.test,Jamie Ford,2024-02-02 08:56:00,elena.garcia@demomail.test,Alex Rossi,2025-08-10 12:30:00,nina.ashby@sampleco.test,Casey Ford,2024-03-16 15:46:00,,,,N,Alpha,101830,avery.dorsey@acme-fake.test,102596,REF-8806,N,100743,Drew Nguyen
100648,Event Attendee,109904,omar.larsson@examplecorp.test,Noah Mensah,2025-04-15 20:38:00,jordan.ashby@sampleco.test,Reese Okafor,2022-12-03 14:09:00,aisha.larsson@demomail.test,Fatima Larsson,2024-10-15 12:56:00,,,,N,Other,101795,priya.ashby@acme-fake.test,103464,LOT-8745,N,100317,Sofia Ashby
100352,Event Attendee,109905,diego.vance@sampleco.test,Omar Larsson,2026-01-08 22:03:00,skyler.costa@sampleco.test,Mei Brooks,2023-09-01 17:00:00,arjun.calder@sampleco.test,Yara Larsson,2023-05-08 00:07:00,,,,N,Beta,101800,aisha.cohen@demomail.test,102736,TAG-5922,Y,100336,Liam Ivanov
100675,Event Attendee,109908,jordan.whitfield@examplecorp.test,Marco Ford,2024-01-30 15:41:00,sofia.cohen@demomail.test,Diego Rossi,2022-12-02 23:29:00,drew.okafor@demomail.test,Rahul Whitfield,2023-06-13 01:39:00,,,,Y,Delta,101795,yara.ford@sampleco.test,101900,SKU-8064,N,100083,Emerson Brooks
100481,Event Attendee,109911,reese.reyes@acme-fake.test,Skyler Ivanov,2023-01-26 06:28:00,chen.blake@acme-fake.test,Arjun Nguyen,2023-08-08 17:42:00,riley.mercer@acme-fake.test,Emerson Ashby,2025-10-05 05:25:00,,,,N,Standard,101805,skyler.garcia@sampleco.test,102591,TAG-8998,Y,100031,Chen Blake
100629,Event Attendee,109913,avery.kim@sampleco.test,Omar Haddad,2024-11-19 13:43:00,liam.nguyen@acme-fake.test,Aisha Whitfield,2024-01-16 06:59:00,elena.dorsey@demomail.test,Mei Cohen,2025-02-16 14:06:00,,,,N,Delta,101883,aisha.nguyen@examplecorp.test,104110,REF-5764,N,100348,Noah Reyes
100473,Event Attendee,109916,diego.calder@demomail.test,Chen Reyes,2026-01-30 05:28:00,taylor.mercer@examplecorp.test,Sofia Ivanov,2025-07-12 17:31:00,mei.costa@acme-fake.test,Jamie Reyes,2022-12-31 11:40:00,,,,N,Delta,101873,noah.larsson@sampleco.test,102665,SKU-4908,Y,100683,Rowan Costa
100445,Event Attendee,109917,alex.dorsey@examplecorp.test,Mei Ivanov,2025-07-25 12:01:00,diego.calder@sampleco.test,Morgan Cohen,2023-02-04 09:27:00,morgan.garcia@demomail.test,Skyler Mensah,2024-01-03 11:20:00,,,,N,Standard,101834,arjun.reyes@sampleco.test,102643,SKU-6692,Y,100021,Elena Silva
100217,Event Attendee,109920,sofia.silva@sampleco.test,Mei Mensah,2023-08-20 01:20:00,priya.rossi@demomail.test,Diego Ivanov,2022-12-22 14:09:00,liam.patel@examplecorp.test,Reese Larsson,2024-07-13 17:51:00,,,,Y,Standard,101846,drew.reyes@demomail.test,103451,LOT-7502,N,100165,Chen Whitfield
100089,Event Attendee,109921,sofia.garcia@acme-fake.test,Mei Whitfield,2024-03-10 22:15:00,avery.vance@demomail.test,Alex Cohen,2024-10-10 19:59:00,morgan.ford@acme-fake.test,Reese Calder,2024-02-01 11:22:00,,,,N,Alpha,101830,taylor.okafor@sampleco.test,104152,LOT-1798,Y,100548,Chen Nguyen
100242,Event Attendee,109923,priya.whitfield@sampleco.test,Omar Brooks,2024-06-14 16:05:00,elena.brooks@demomail.test,Jamie Dorsey,2023-08-18 12:41:00,yara.ford@sampleco.test,Marco Ivanov,2023-10-29 21:39:00,,,,N,Alpha,101881,chen.vance@sampleco.test,104651,LOT-5291,Y,100328,Taylor Ashby
100460,Event Attendee,109925,elena.costa@examplecorp.test,Mei Mercer,2024-05-22 07:25:00,aisha.ford@demomail.test,Aisha Brooks,2026-04-30 11:42:00,avery.kim@examplecorp.test,Skyler Blake,2025-02-12 13:24:00,,,,N,Beta,101857,elena.costa@acme-fake.test,102312,TAG-6269,Y,100169,Noah Rossi
100267,Event Attendee,109926,liam.sloan@demomail.test,Yara Rossi,2023-06-14 11:56:00,nina.larsson@demomail.test,Priya Costa,2024-07-27 15:34:00,rowan.nguyen@acme-fake.test,Alex Calder,2025-10-25 16:42:00,,,,Y,Delta,101857,jordan.calder@acme-fake.test,102648,REF-6337,N,100077,Rowan Mercer
100205,Event Attendee,109929,drew.garcia@demomail.test,Riley Ford,2025-11-28 02:49:00,drew.mercer@sampleco.test,Priya Mensah,2026-06-07 10:32:00,nina.kim@examplecorp.test,Fatima Kim,2025-08-05 00:25:00,,,,N,Other,101812,sofia.blake@examplecorp.test,103180,TAG-5570,Y,100269,Emerson Sato
100016,Event Attendee,109932,sofia.brooks@acme-fake.test,Priya Ivanov,2025-03-21 19:33:00,fatima.rossi@demomail.test,Marco Dorsey,2025-11-23 01:40:00,rahul.mensah@sampleco.test,Casey Sato,2025-12-07 08:40:00,,,,N,Gamma,101878,drew.costa@sampleco.test,102980,TAG-1252,Y,100540,Arjun Patel
100256,Event Attendee,109933,chen.larsson@examplecorp.test,Aisha Costa,2024-06-11 19:25:00,reese.larsson@demomail.test,Riley Whitfield,2025-10-17 09:45:00,noah.blake@sampleco.test,Quinn Ashby,2025-08-11 00:00:00,,,,N,Other,101849,quinn.mercer@sampleco.test,103379,TAG-5378,N,100545,Riley Cohen
100665,Event Attendee,109936,arjun.cohen@acme-fake.test,Nina Silva,2023-06-19 18:54:00,elena.blake@examplecorp.test,Rowan Ford,2026-03-28 18:52:00,skyler.larsson@sampleco.test,Diego Nguyen,2025-03-06 01:53:00,,,,Y,Gamma,101834,alex.ashby@examplecorp.test,101900,SKU-8047,N,100383,Reese Garcia
100076,Event Attendee,109938,jamie.mercer@acme-fake.test,Yara Brooks,2025-02-22 11:32:00,fatima.costa@demomail.test,Noah Mercer,2025-07-19 13:18:00,marco.sloan@acme-fake.test,Quinn Whitfield,2022-12-14 19:24:00,,,,N,Other,101795,marco.patel@demomail.test,102713,REF-2223,N,100054,Drew Rossi
100156,Event Attendee,109941,aisha.mercer@demomail.test,Morgan Blake,2023-10-05 05:49:00,chen.silva@examplecorp.test,Arjun Brooks,2025-04-08 08:23:00,emerson.larsson@sampleco.test,Rahul Blake,2026-06-01 00:54:00,,,,Y,Beta,101846,drew.larsson@demomail.test,104528,LOT-7781,N,100065,Aisha Cohen
100688,Event Attendee,109944,nina.sato@examplecorp.test,Priya Costa,2023-08-18 03:05:00,liam.calder@demomail.test,Omar Sloan,2024-08-06 19:36:00,riley.vance@demomail.test,Skyler Rossi,2024-05-19 10:14:00,,,,Y,Beta,101801,marco.sato@examplecorp.test,102094,TAG-5752,N,100762,Casey Vance
100393,Event Attendee,109947,fatima.brooks@examplecorp.test,Jordan Larsson,2023-10-19 05:20:00,diego.reyes@demomail.test,Jamie Sato,2024-12-16 01:46:00,yara.calder@sampleco.test,Rowan Haddad,2025-07-26 14:47:00,,,,Y,Other,101881,taylor.costa@acme-fake.test,104265,SKU-7035,Y,100208,Rowan Costa
100068,Event Attendee,109949,marco.vance@examplecorp.test,Mei Silva,2025-07-27 17:01:00,aisha.ford@sampleco.test,Liam Costa,2023-08-07 05:27:00,skyler.costa@acme-fake.test,Avery Mercer,2025-01-12 08:02:00,,,,N,Standard,101886,drew.mensah@acme-fake.test,103453,REF-6790,Y,100009,Morgan Ivanov
100400,Event Attendee,109951,taylor.garcia@examplecorp.test,Priya Cohen,2024-04-21 07:13:00,avery.haddad@acme-fake.test,Sofia Vance,2026-03-13 10:48:00,alex.rossi@acme-fake.test,Diego Nguyen,2026-01-01 06:14:00,,,,Y,Alpha,101887,arjun.brooks@examplecorp.test,104719,TAG-6970,N,100263,Avery Patel
100077,Event Attendee,109954,aisha.silva@sampleco.test,Diego Nguyen,2024-05-16 22:40:00,quinn.whitfield@acme-fake.test,Casey Kim,2023-06-07 12:29:00,casey.brooks@sampleco.test,Taylor Sato,2023-06-22 06:33:00,,,,Y,Other,101878,riley.okafor@sampleco.test,103815,LOT-7951,Y,100529,Skyler Garcia
100221,Event Attendee,109956,sofia.okafor@examplecorp.test,Elena Whitfield,2024-06-26 19:34:00,riley.kim@sampleco.test,Avery Ford,2023-12-11 03:27:00,mei.patel@demomail.test,Yara Mercer,2024-01-19 20:09:00,,,,Y,Standard,101830,omar.kim@demomail.test,103834,SKU-2574,N,100387,Omar Reyes
100514,Event Attendee,109958,morgan.ashby@acme-fake.test,Arjun Nguyen,2024-09-20 00:00:00,liam.silva@demomail.test,Mei Rossi,2023-08-09 04:02:00,omar.cohen@sampleco.test,Marco Cohen,2024-03-31 06:30:00,,,,N,Delta,101801,chen.ford@acme-fake.test,103381,SKU-3019,Y,100188,Omar Ivanov
100466,Event Attendee,109961,drew.costa@demomail.test,Jordan Costa,2025-08-02 03:42:00,yara.silva@acme-fake.test,Omar Kim,2022-10-27 10:53:00,fatima.nguyen@demomail.test,Morgan Calder,2025-04-08 18:43:00,,,,N,Gamma,101830,reese.rossi@demomail.test,104245,LOT-6239,Y,100538,Taylor Costa
100747,Event Attendee,109964,yara.vance@sampleco.test,Liam Sato,2026-03-13 03:28:00,reese.kim@demomail.test,Mei Silva,2025-11-12 16:35:00,skyler.calder@demomail.test,Arjun Brooks,2023-01-25 16:58:00,,,,N,Other,101881,taylor.okafor@sampleco.test,103830,TAG-9724,N,100339,Marco Nguyen
100211,Event Attendee,109967,aisha.cohen@demomail.test,Avery Larsson,2025-03-23 06:23:00,alex.mensah@demomail.test,Marco Haddad,2023-04-27 11:33:00,taylor.larsson@sampleco.test,Omar Ashby,2023-06-15 09:54:00,,,,Y,Standard,101817,skyler.haddad@demomail.test,104483,SKU-3593,Y,100120,Arjun Patel
100461,Event Attendee,109970,skyler.reyes@examplecorp.test,Jordan Ford,2023-01-22 23:49:00,chen.patel@acme-fake.test,Morgan Brooks,2025-05-06 23:49:00,jordan.rossi@demomail.test,Chen Ivanov,2023-07-06 20:40:00,,,,N,Alpha,101867,jordan.sloan@examplecorp.test,103454,REF-9244,Y,100414,Priya Nguyen
100551,Event Attendee,109972,drew.kim@acme-fake.test,Omar Okafor,2023-01-31 05:34:00,arjun.costa@sampleco.test,Elena Okafor,2023-12-19 09:01:00,drew.kim@demomail.test,Aisha Brooks,2025-08-09 00:44:00,,,,N,Alpha,101861,riley.vance@sampleco.test,103104,SKU-2813,N,100680,Rowan Okafor
100688,Event Attendee,109974,quinn.ashby@sampleco.test,Marco Garcia,2025-05-04 16:38:00,diego.kim@acme-fake.test,Avery Larsson,2024-03-09 23:41:00,jamie.silva@demomail.test,Drew Sloan,2025-03-27 22:02:00,,,,N,Standard,101810,arjun.nguyen@sampleco.test,104372,LOT-8542,Y,100578,Yara Mercer
100145,Event Attendee,109975,rowan.cohen@sampleco.test,Riley Calder,2026-04-25 13:51:00,chen.sloan@acme-fake.test,Avery Mensah,2024-07-31 08:51:00,marco.vance@demomail.test,Skyler Silva,2023-04-20 04:13:00,,,,Y,Gamma,101792,noah.patel@demomail.test,103708,SKU-9225,Y,100635,Casey Silva
100058,Event Attendee,109977,noah.larsson@demomail.test,Rahul Garcia,2022-11-23 16:39:00,avery.ashby@acme-fake.test,Quinn Silva,2023-12-14 04:40:00,diego.blake@sampleco.test,Priya Costa,2023-04-01 04:15:00,,,,N,Gamma,101837,taylor.patel@acme-fake.test,104132,LOT-4848,N,100432,Chen Cohen
100509,Event Attendee,109980,casey.sato@examplecorp.test,Skyler Reyes,2025-09-27 04:01:00,avery.dorsey@sampleco.test,Jordan Okafor,2023-01-01 07:51:00,nina.sloan@demomail.test,Emerson Ashby,2023-04-30 22:52:00,,,,Y,Beta,101822,omar.larsson@demomail.test,104656,SKU-1614,N,100759,Liam Ashby
100745,Event Attendee,109981,emerson.blake@demomail.test,Emerson Garcia,2025-06-30 23:03:00,alex.blake@acme-fake.test,Noah Ashby,2024-08-27 16:43:00,diego.reyes@demomail.test,Rowan Vance,2025-02-24 05:14:00,,,,N,Gamma,101822,rowan.sato@examplecorp.test,102196,TAG-9253,Y,100762,Yara Ashby
100481,Event Attendee,109983,casey.garcia@examplecorp.test,Diego Haddad,2023-01-01 17:25:00,alex.brooks@demomail.test,Chen Haddad,2022-10-05 08:07:00,sofia.whitfield@acme-fake.test,Morgan Patel,2023-05-18 09:41:00,,,,N,Alpha,101810,taylor.nguyen@sampleco.test,103129,LOT-2029,N,100733,Elena Haddad
100054,Event Attendee,109984,nina.sato@acme-fake.test,Jamie Haddad,2024-06-19 12:11:00,priya.dorsey@examplecorp.test,Sofia Whitfield,2024-09-06 12:47:00,yara.sato@acme-fake.test,Riley Costa,2025-02-03 02:07:00,,,,Y,Beta,101887,chen.mercer@sampleco.test,102870,SKU-3473,N,100267,Sofia Sato
100632,Event Attendee,109987,yara.haddad@sampleco.test,Sofia Sloan,2026-04-12 15:44:00,quinn.whitfield@sampleco.test,Mei Whitfield,2024-07-31 18:33:00,jamie.patel@acme-fake.test,Alex Sloan,2025-12-01 05:03:00,,,,Y,Standard,101803,elena.reyes@sampleco.test,102502,REF-5802,Y,100717,Priya Haddad
100273,Event Attendee,109988,taylor.cohen@examplecorp.test,Omar Garcia,2022-10-01 22:09:00,skyler.costa@examplecorp.test,Rowan Cohen,2023-05-02 15:01:00,casey.whitfield@sampleco.test,Noah Ivanov,2022-12-13 10:51:00,,,,Y,Gamma,101871,marco.vance@demomail.test,104465,REF-7768,N,100252,Jordan Okafor
100021,Event Attendee,109990,liam.costa@examplecorp.test,Jordan Silva,2022-11-18 08:52:00,alex.nguyen@sampleco.test,Drew Ivanov,2022-10-17 04:49:00,mei.sato@sampleco.test,Casey Ashby,2026-06-05 14:23:00,,,,Y,Standard,101873,casey.okafor@acme-fake.test,102412,SKU-7482,Y,100307,Reese Ashby
100005,Event Attendee,109991,fatima.cohen@acme-fake.test,Chen Mensah,2026-05-03 20:54:00,nina.sato@demomail.test,Skyler Silva,2025-06-19 15:36:00,drew.larsson@sampleco.test,Fatima Whitfield,2025-11-12 20:09:00,,,,Y,Other,101881,marco.reyes@demomail.test,104524,SKU-2924,N,100232,Rahul Okafor
100385,Event Attendee,109994,taylor.dorsey@demomail.test,Rahul Haddad,2025-01-31 21:26:00,alex.vance@acme-fake.test,Alex Dorsey,2023-06-23 16:57:00,mei.kim@demomail.test,Aisha Kim,2025-06-05 22:46:00,,,,Y,Other,101846,chen.dorsey@demomail.test,102934,REF-8767,Y,100112,Casey Garcia
100432,Event Attendee,109996,riley.reyes@sampleco.test,Fatima Kim,2023-07-24 07:05:00,jamie.rossi@demomail.test,Liam Blake,2026-07-04 11:12:00,taylor.mensah@examplecorp.test,Mei Sloan,2022-12-09 08:00:00,,,,N,Other,101854,riley.sato@demomail.test,103654,REF-1376,N,100522,Alex Costa
100398,Event Attendee,109997,avery.brooks@examplecorp.test,Emerson Mensah,2026-02-16 17:34:00,diego.mensah@sampleco.test,Reese Ivanov,2023-09-04 11:44:00,nina.sato@acme-fake.test,Drew Mercer,2023-08-27 23:15:00,,,,N,Delta,101815,fatima.nguyen@examplecorp.test,103339,LOT-2042,Y,100500,Liam Blake
100217,Event Attendee,110000,mei.patel@demomail.test,Arjun Brooks,2023-08-15 23:02:00,avery.patel@sampleco.test,Liam Ashby,2022-10-26 15:48:00,aisha.whitfield@examplecorp.test,Noah Reyes,2024-05-19 20:05:00,,,,N,Beta,101831,morgan.ashby@sampleco.test,103859,LOT-3800,N,100418,Sofia Blake
100380,Event Attendee,110003,liam.haddad@demomail.test,Elena Haddad,2024-03-21 23:33:00,arjun.cohen@sampleco.test,Diego Sloan,2026-07-26 16:38:00,alex.calder@demomail.test,Casey Larsson,2023-06-14 20:29:00,,,,N,Alpha,101875,diego.brooks@demomail.test,104438,LOT-4037,Y,100152,Fatima Garcia
100073,Event Attendee,110004,riley.patel@acme-fake.test,Rowan Cohen,2023-12-28 20:13:00,priya.ford@demomail.test,Avery Kim,2024-03-12 19:38:00,drew.sato@demomail.test,Jamie Cohen,2025-03-28 03:10:00,,,,Y,Alpha,101860,priya.larsson@demomail.test,102056,SKU-3497,N,100528,Aisha Dorsey
100165,Event Attendee,110005,sofia.silva@examplecorp.test,Rowan Garcia,2026-01-16 01:13:00,diego.kim@demomail.test,Elena Larsson,2026-07-26 05:23:00,casey.garcia@sampleco.test,Rowan Mercer,2024-05-24 04:59:00,,,,N,Standard,101803,rowan.silva@acme-fake.test,102549,SKU-9594,N,100149,Riley Ivanov
100275,Event Attendee,110006,quinn.mensah@examplecorp.test,Yara Calder,2025-06-01 00:57:00,mei.haddad@examplecorp.test,Elena Cohen,2023-01-29 21:24:00,diego.haddad@examplecorp.test,Liam Haddad,2023-09-02 14:56:00,,,,N,Alpha,101795,jamie.ford@demomail.test,104154,REF-3387,N,100242,Noah Whitfield
100516,Event Attendee,110009,sofia.brooks@acme-fake.test,Rowan Cohen,2023-09-25 20:35:00,morgan.whitfield@sampleco.test,Mei Mensah,2023-02-06 21:06:00,reese.haddad@demomail.test,Diego Ford,2025-04-04 04:50:00,,,,N,Standard,101888,jordan.vance@sampleco.test,102013,LOT-6382,N,100043,Elena Silva
100320,Event Attendee,110012,drew.costa@acme-fake.test,Drew Brooks,2023-01-14 21:47:00,jamie.costa@acme-fake.test,Aisha Whitfield,2024-09-29 04:34:00,chen.larsson@demomail.test,Chen Whitfield,2025-01-07 03:00:00,,,,Y,Alpha,101819,taylor.mensah@demomail.test,102000,REF-1217,Y,100168,Noah Vance
100412,Event Attendee,110013,chen.patel@acme-fake.test,Rahul Calder,2023-06-10 01:34:00,marco.okafor@examplecorp.test,Yara Costa,2026-07-09 16:26:00,taylor.mensah@demomail.test,Elena Haddad,2022-12-18 15:36:00,,,,N,Beta,101837,riley.costa@sampleco.test,103443,TAG-3418,Y,100320,Mei Silva
100412,Event Attendee,110014,marco.patel@sampleco.test,Avery Nguyen,2024-01-30 05:47:00,emerson.blake@examplecorp.test,Emerson Cohen,2025-05-06 14:55:00,emerson.kim@examplecorp.test,Priya Brooks,2022-10-15 07:26:00,,,,N,Standard,101857,fatima.garcia@examplecorp.test,101956,SKU-7518,Y,100446,Rowan Mercer
100233,Event Attendee,110017,sofia.sato@acme-fake.test,Jamie Silva,2023-07-16 04:37:00,jamie.okafor@demomail.test,Chen Haddad,2024-09-13 05:46:00,riley.costa@examplecorp.test,Rahul Blake,2023-11-02 14:23:00,,,,N,Alpha,101800,aisha.vance@demomail.test,102516,LOT-6974,Y,100465,Omar Mercer
100273,Event Attendee,110019,aisha.garcia@acme-fake.test,Fatima Silva,2024-11-20 11:48:00,arjun.haddad@examplecorp.test,Liam Blake,2023-02-04 03:40:00,sofia.ashby@examplecorp.test,Rahul Mercer,2023-06-29 21:28:00,,,,N,Standard,101870,chen.larsson@examplecorp.test,103875,LOT-3767,Y,100199,Quinn Ashby
100494,Event Attendee,110020,rowan.ivanov@demomail.test,Quinn Dorsey,2023-04-29 23:30:00,jordan.sloan@examplecorp.test,Quinn Ivanov,2024-12-01 02:50:00,aisha.cohen@sampleco.test,Arjun Silva,2025-03-14 21:55:00,,,,N,Delta,101794,skyler.kim@examplecorp.test,102565,SKU-8661,N,100721,Elena Brooks
100768,Event Attendee,110022,priya.calder@sampleco.test,Drew Mercer,2023-01-10 03:42:00,diego.ivanov@sampleco.test,Avery Calder,2026-07-05 04:12:00,omar.garcia@demomail.test,Alex Sato,2026-02-02 16:26:00,,,,Y,Alpha,101834,priya.nguyen@examplecorp.test,104613,SKU-8250,Y,100204,Arjun Patel
100593,Event Attendee,110024,liam.nguyen@acme-fake.test,Mei Dorsey,2024-09-26 02:58:00,emerson.sloan@acme-fake.test,Quinn Ford,2026-03-13 17:35:00,nina.reyes@acme-fake.test,Aisha Kim,2023-04-05 18:14:00,,,,Y,Alpha,101816,sofia.patel@acme-fake.test,102516,REF-1717,Y,100139,Yara Garcia
100117,Event Attendee,110025,yara.kim@demomail.test,Diego Whitfield,2023-02-23 18:24:00,drew.ivanov@acme-fake.test,Omar Dorsey,2023-12-01 23:22:00,reese.ashby@acme-fake.test,Aisha Calder,2022-12-23 07:43:00,,,,N,Gamma,101819,alex.whitfield@sampleco.test,104564,TAG-4590,N,100629,Rowan Whitfield
100092,Event Attendee,110026,taylor.ivanov@demomail.test,Nina Blake,2025-05-19 10:08:00,rowan.calder@demomail.test,Noah Ivanov,2024-05-07 14:03:00,quinn.patel@acme-fake.test,Omar Brooks,2024-08-19 14:35:00,,,,Y,Other,101819,omar.garcia@examplecorp.test,103708,LOT-9480,N,100467,Skyler Vance
100627,Event Attendee,110028,morgan.okafor@examplecorp.test,Taylor Nguyen,2025-03-09 06:32:00,taylor.mercer@acme-fake.test,Skyler Haddad,2024-07-06 13:56:00,fatima.cohen@acme-fake.test,Sofia Vance,2025-12-26 02:57:00,,,,Y,Standard,101878,marco.cohen@acme-fake.test,104015,TAG-5678,Y,100239,Jordan Garcia
100185,Event Attendee,110029,avery.dorsey@demomail.test,Elena Garcia,2025-07-01 13:03:00,rowan.rossi@acme-fake.test,Diego Sloan,2025-11-03 23:33:00,liam.costa@acme-fake.test,Emerson Blake,2023-01-14 20:51:00,,,,Y,Standard,101837,marco.sato@demomail.test,104416,TAG-2308,N,100257,Alex Sato
100787,Event Attendee,110030,drew.calder@sampleco.test,Rowan Ford,2026-01-09 12:14:00,aisha.patel@examplecorp.test,Drew Cohen,2023-01-15 05:56:00,marco.vance@acme-fake.test,Skyler Cohen,2026-07-06 14:06:00,,,,N,Beta,101800,avery.patel@demomail.test,104131,REF-7223,Y,100157,Aisha Dorsey
100199,Event Attendee,110031,omar.vance@sampleco.test,Elena Reyes,2026-02-14 01:49:00,diego.mercer@sampleco.test,Priya Ford,2025-10-17 14:58:00,chen.vance@acme-fake.test,Casey Whitfield,2023-03-19 22:38:00,,,,Y,Alpha,101836,noah.dorsey@examplecorp.test,102629,REF-4550,Y,100068,Liam Garcia
100656,Event Attendee,110032,skyler.patel@demomail.test,Quinn Ashby,2025-10-01 19:13:00,noah.rossi@demomail.test,Avery Costa,2026-04-01 09:11:00,jordan.mercer@demomail.test,Riley Mensah,2022-11-29 05:42:00,,,,Y,Delta,101840,omar.ford@demomail.test,103893,LOT-1448,Y,100784,Alex Ford
100330,Event Attendee,110035,mei.whitfield@examplecorp.test,Rowan Haddad,2025-08-14 03:47:00,noah.larsson@examplecorp.test,Mei Blake,2026-07-19 23:08:00,rowan.cohen@demomail.test,Mei Mensah,2023-07-17 01:59:00,,,,N,Beta,101862,emerson.cohen@sampleco.test,103395,TAG-2050,N,100357,Morgan Cohen
100145,Event Attendee,110037,reese.nguyen@sampleco.test,Emerson Mercer,2024-08-13 21:41:00,reese.patel@examplecorp.test,Elena Sloan,2024-04-24 09:11:00,mei.ivanov@acme-fake.test,Taylor Whitfield,2022-12-04 19:28:00,,,,Y,Alpha,101878,jordan.larsson@examplecorp.test,102392,TAG-3459,N,100503,Quinn Kim
100275,Event Attendee,110038,marco.garcia@examplecorp.test,Rowan Cohen,2026-01-29 19:52:00,reese.dorsey@examplecorp.test,Diego Whitfield,2026-03-20 01:27:00,liam.silva@examplecorp.test,Avery Costa,2024-12-04 14:33:00,,,,N,Beta,101883,diego.silva@sampleco.test,102513,TAG-1075,Y,100309,Omar Okafor
100355,Event Attendee,110039,noah.sato@demomail.test,Reese Ashby,2023-07-22 05:26:00,nina.calder@demomail.test,Riley Nguyen,2024-07-16 10:40:00,rahul.nguyen@demomail.test,Nina Ivanov,2023-06-28 16:34:00,,,,N,Delta,101858,sofia.sato@examplecorp.test,102224,TAG-7092,N,100613,Noah Ashby
100106,Event Attendee,110040,arjun.reyes@acme-fake.test,Rahul Ivanov,2024-07-16 22:31:00,casey.haddad@acme-fake.test,Morgan Patel,2022-10-04 10:02:00,morgan.mensah@demomail.test,Yara Ford,2025-05-07 15:15:00,,,,Y,Gamma,101857,liam.whitfield@demomail.test,104801,REF-6205,N,100461,Fatima Sato
100775,Event Attendee,110043,fatima.nguyen@acme-fake.test,Omar Larsson,2024-08-23 09:09:00,noah.sloan@demomail.test,Reese Silva,2025-07-08 18:48:00,omar.mensah@acme-fake.test,Emerson Cohen,2023-05-13 10:12:00,,,,N,Beta,101865,omar.sloan@examplecorp.test,102159,LOT-4066,N,100055,Omar Vance
100375,Event Attendee,110045,omar.blake@acme-fake.test,Jamie Cohen,2023-11-17 12:38:00,alex.whitfield@acme-fake.test,Noah Blake,2023-03-30 19:19:00,skyler.nguyen@demomail.test,Noah Costa,2025-07-04 00:50:00,,,,Y,Gamma,101813,aisha.reyes@examplecorp.test,102002,SKU-5356,Y,100215,Chen Nguyen
100404,Event Attendee,110047,fatima.mercer@demomail.test,Taylor Cohen,2024-11-04 16:39:00,omar.patel@acme-fake.test,Sofia Ashby,2025-11-04 20:55:00,rahul.mensah@examplecorp.test,Priya Brooks,2023-01-01 20:44:00,,,,N,Beta,101888,omar.garcia@sampleco.test,103701,LOT-5286,N,100194,Aisha Ashby
100550,Event Attendee,110050,riley.calder@acme-fake.test,Rowan Patel,2024-07-17 19:32:00,rowan.silva@demomail.test,Avery Ashby,2022-12-20 17:13:00,jordan.cohen@examplecorp.test,Sofia Patel,2024-11-27 13:33:00,,,,N,Beta,101867,sofia.calder@demomail.test,104122,REF-5096,Y,100217,Fatima Nguyen
100277,Event Attendee,110053,quinn.rossi@acme-fake.test,Diego Costa,2024-11-30 01:58:00,riley.mercer@sampleco.test,Riley Sloan,2023-09-08 18:54:00,arjun.ivanov@demomail.test,Chen Calder,2025-06-09 06:54:00,,,,N,Beta,101795,jamie.okafor@sampleco.test,101940,TAG-3993,N,100638,Jordan Haddad
100100,Event Attendee,110055,casey.brooks@examplecorp.test,Casey Okafor,2025-10-20 12:30:00,avery.patel@examplecorp.test,Rahul Nguyen,2025-09-04 23:13:00,diego.sloan@demomail.test,Sofia Ford,2024-05-30 00:12:00,,,,N,Standard,101810,quinn.nguyen@sampleco.test,104543,LOT-3389,N,100457,Avery Kim
100448,Event Attendee,110057,noah.sloan@examplecorp.test,Skyler Costa,2024-08-09 10:33:00,morgan.reyes@sampleco.test,Noah Ashby,2024-10-08 23:39:00,riley.cohen@demomail.test,Priya Calder,2022-12-26 05:51:00,,,,Y,Standard,101827,sofia.mensah@sampleco.test,102198,SKU-5616,N,100357,Rahul Rossi
100576,Event Attendee,110060,drew.blake@sampleco.test,Taylor Patel,2024-03-28 23:27:00,jordan.haddad@examplecorp.test,Liam Nguyen,2025-09-02 15:56:00,liam.ivanov@acme-fake.test,Liam Haddad,2024-07-18 00:28:00,,,,N,Gamma,101862,fatima.garcia@examplecorp.test,103636,TAG-6908,N,100083,Avery Patel
100665,Event Attendee,110062,alex.whitfield@acme-fake.test,Drew Sato,2023-01-20 05:34:00,alex.brooks@sampleco.test,Yara Garcia,2026-06-22 17:02:00,nina.vance@sampleco.test,Taylor Costa,2023-10-29 10:52:00,,,,N,Standard,101878,jamie.blake@sampleco.test,103527,TAG-3465,Y,100042,Fatima Patel
100003,Event Attendee,110065,yara.costa@sampleco.test,Marco Okafor,2025-11-24 17:18:00,mei.haddad@examplecorp.test,Rowan Reyes,2025-06-06 00:23:00,sofia.kim@acme-fake.test,Nina Okafor,2024-11-01 19:34:00,,,,Y,Other,101834,yara.vance@demomail.test,102969,LOT-9339,Y,100229,Omar Sato
100182,Event Attendee,110067,emerson.ford@acme-fake.test,Reese Silva,2024-09-12 22:38:00,reese.larsson@demomail.test,Rowan Okafor,2025-12-05 15:39:00,fatima.ford@demomail.test,Skyler Okafor,2025-03-11 14:51:00,,,,Y,Beta,101853,emerson.cohen@acme-fake.test,102910,SKU-3578,N,100566,Fatima Sloan
100629,Event Attendee,110070,nina.ivanov@acme-fake.test,Arjun Vance,2025-11-05 21:22:00,jordan.mercer@acme-fake.test,Omar Blake,2025-09-30 19:10:00,arjun.mercer@sampleco.test,Aisha Ivanov,2024-04-09 06:35:00,,,,Y,Other,101817,jamie.dorsey@acme-fake.test,102056,REF-3599,Y,100724,Nina Rossi
100185,Event Attendee,110071,jordan.reyes@acme-fake.test,Marco Haddad,2023-04-03 11:25:00,casey.garcia@acme-fake.test,Chen Brooks,2025-12-18 22:34:00,aisha.kim@sampleco.test,Morgan Garcia,2025-03-13 23:20:00,,,,Y,Other,101889,quinn.brooks@demomail.test,104777,REF-1883,Y,100028,Drew Sato
100055,Event Attendee,110073,diego.okafor@demomail.test,Arjun Mercer,2025-08-16 04:14:00,casey.ashby@demomail.test,Fatima Reyes,2024-08-31 11:56:00,liam.sato@acme-fake.test,Reese Costa,2024-08-10 19:26:00,,,,Y,Standard,101819,diego.ashby@examplecorp.test,103515,TAG-1891,Y,100221,Diego Ford
100702,Event Attendee,110074,casey.mercer@sampleco.test,Drew Nguyen,2023-08-31 02:41:00,jamie.sloan@examplecorp.test,Skyler Sloan,2023-10-31 10:57:00,fatima.okafor@sampleco.test,Drew Calder,2024-11-13 13:59:00,,,,Y,Beta,101862,rowan.brooks@demomail.test,104126,TAG-4532,N,100446,Morgan Nguyen
100775,Event Attendee,110076,emerson.haddad@sampleco.test,Drew Rossi,2023-04-18 19:32:00,riley.okafor@acme-fake.test,Yara Garcia,2023-01-08 14:30:00,elena.patel@acme-fake.test,Alex Sloan,2025-05-11 06:37:00,,,,N,Alpha,101873,aisha.dorsey@demomail.test,104332,SKU-7652,Y,100659,Riley Sloan
100435,Event Attendee,110078,chen.mercer@sampleco.test,Yara Patel,2023-05-11 18:53:00,diego.ivanov@acme-fake.test,Nina Cohen,2026-02-14 17:11:00,casey.ford@demomail.test,Mei Costa,2024-09-15 02:55:00,,,,Y,Standard,101822,reese.ivanov@sampleco.test,103715,LOT-1269,N,100453,Yara Vance
100369,Event Attendee,110080,rahul.cohen@demomail.test,Rowan Patel,2026-04-15 06:07:00,marco.vance@acme-fake.test,Rahul Nguyen,2025-10-31 02:12:00,chen.costa@acme-fake.test,Fatima Sloan,2024-03-23 07:30:00,,,,Y,Gamma,101870,rahul.mercer@sampleco.test,104786,REF-2855,Y,100169,Reese Nguyen
100253,Event Attendee,110083,emerson.ivanov@examplecorp.test,Sofia Ashby,2026-04-23 03:12:00,emerson.mensah@sampleco.test,Mei Kim,2026-05-17 01:29:00,yara.whitfield@acme-fake.test,Noah Larsson,2025-11-03 07:19:00,,,,N,Gamma,101861,aisha.nguyen@demomail.test,102057,LOT-7487,N,100774,Omar Nguyen
100298,Event Attendee,110085,priya.haddad@acme-fake.test,Quinn Calder,2025-12-30 13:31:00,diego.sato@sampleco.test,Casey Sloan,2026-04-29 07:40:00,casey.sloan@acme-fake.test,Nina Ashby,2024-04-22 10:03:00,,,,N,Other,101803,yara.sato@sampleco.test,104540,SKU-3118,Y,100472,Mei Ashby
100495,Event Attendee,110086,emerson.larsson@demomail.test,Riley Sloan,2024-12-27 17:37:00,arjun.vance@sampleco.test,Rowan Mensah,2024-02-14 06:47:00,rowan.okafor@demomail.test,Sofia Ford,2025-09-23 05:04:00,,,,Y,Gamma,101821,reese.cohen@sampleco.test,102317,SKU-4809,N,100420,Avery Rossi
100055,Event Attendee,110089,drew.rossi@sampleco.test,Quinn Whitfield,2025-02-25 21:30:00,priya.vance@acme-fake.test,Alex Reyes,2023-08-29 02:21:00,yara.patel@acme-fake.test,Skyler Ashby,2024-03-08 00:22:00,,,,Y,Other,101815,casey.brooks@acme-fake.test,102289,LOT-6955,N,100765,Jordan Larsson
100023,Event Attendee,110092,taylor.nguyen@examplecorp.test,Omar Okafor,2023-03-03 17:34:00,morgan.larsson@demomail.test,Yara Rossi,2026-02-24 09:33:00,mei.ivanov@acme-fake.test,Yara Cohen,2025-05-04 12:12:00,,,,Y,Standard,101849,rowan.haddad@examplecorp.test,103846,LOT-9154,Y,100134,Casey Nguyen
100468,Event Attendee,110094,sofia.blake@sampleco.test,Aisha Patel,2025-05-12 15:36:00,morgan.vance@acme-fake.test,Diego Kim,2025-01-01 16:00:00,diego.whitfield@sampleco.test,Sofia Calder,2023-03-01 13:08:00,,,,Y,Delta,101813,priya.larsson@examplecorp.test,103346,LOT-2256,Y,100089,Priya Calder
100462,Event Attendee,110096,aisha.kim@examplecorp.test,Reese Kim,2024-04-03 12:41:00,fatima.calder@examplecorp.test,Noah Mercer,2025-12-13 16:07:00,mei.ashby@acme-fake.test,Nina Ivanov,2024-07-26 05:36:00,,,,Y,Beta,101857,liam.sloan@sampleco.test,102620,SKU-5287,N,100371,Morgan Cohen
100210,Event Attendee,110097,marco.dorsey@acme-fake.test,Alex Blake,2022-12-12 06:31:00,noah.costa@examplecorp.test,Taylor Sloan,2024-09-29 22:46:00,elena.kim@sampleco.test,Skyler Ivanov,2025-12-25 02:32:00,,,,N,Standard,101854,aisha.haddad@acme-fake.test,104129,LOT-2030,N,100434,Omar Reyes
100478,Event Attendee,110098,marco.mensah@sampleco.test,Jamie Rossi,2025-11-07 05:48:00,liam.whitfield@sampleco.test,Marco Kim,2026-01-03 00:41:00,rowan.okafor@examplecorp.test,Jamie Sloan,2026-02-10 06:22:00,,,,N,Beta,101851,diego.whitfield@examplecorp.test,103284,LOT-5313,Y,100106,Drew Nguyen
100428,Event Attendee,110099,aisha.brooks@demomail.test,Mei Brooks,2025-05-29 00:42:00,arjun.vance@sampleco.test,Sofia Costa,2025-08-28 09:34:00,aisha.ivanov@acme-fake.test,Drew Patel,2026-02-22 06:14:00,,,,Y,Beta,101870,arjun.okafor@demomail.test,102783,SKU-3579,Y,100790,Taylor Kim
100403,Event Attendee,110101,marco.sato@acme-fake.test,Omar Cohen,2024-12-15 12:58:00,rahul.ford@demomail.test,Jordan Garcia,2025-02-22 15:30:00,morgan.okafor@acme-fake.test,Aisha Silva,2025-10-07 10:04:00,,,,N,Other,101873,reese.mensah@acme-fake.test,103488,LOT-4184,Y,100040,Jordan Kim
100611,Event Attendee,110103,sofia.blake@sampleco.test,Sofia Brooks,2024-01-10 06:06:00,noah.ford@examplecorp.test,Arjun Patel,2025-11-05 17:34:00,taylor.cohen@demomail.test,Marco Sloan,2026-02-20 03:35:00,,,,Y,Standard,101849,riley.rossi@demomail.test,104548,LOT-5746,Y,100599,Riley Whitfield
100478,Event Attendee,110105,drew.mercer@acme-fake.test,Chen Larsson,2024-07-25 00:05:00,nina.whitfield@demomail.test,Rahul Kim,2025-08-17 19:11:00,yara.garcia@demomail.test,Reese Mensah,2023-03-19 22:20:00,,,,Y,Gamma,101887,nina.sato@sampleco.test,102028,TAG-3444,N,100247,Sofia Silva
100315,Event Attendee,110106,avery.rossi@demomail.test,Diego Cohen,2024-01-19 16:16:00,reese.sato@examplecorp.test,Jordan Mercer,2026-07-12 21:27:00,drew.ashby@examplecorp.test,Omar Nguyen,2022-11-04 19:40:00,,,,Y,Alpha,101827,riley.mercer@sampleco.test,103184,LOT-2400,Y,100555,Aisha Blake
100007,Event Attendee,110109,avery.dorsey@demomail.test,Chen Okafor,2026-04-09 19:08:00,elena.patel@examplecorp.test,Taylor Silva,2026-07-07 14:10:00,diego.okafor@sampleco.test,Reese Kim,2024-10-13 16:35:00,,,,Y,Delta,101816,avery.cohen@demomail.test,102677,TAG-9983,Y,100378,Casey Kim
100007,Event Attendee,110111,skyler.silva@examplecorp.test,Chen Dorsey,2023-06-26 16:52:00,mei.ivanov@examplecorp.test,Fatima Sloan,2025-01-15 01:31:00,fatima.ashby@demomail.test,Avery Rossi,2023-05-06 07:07:00,,,,N,Alpha,101853,marco.brooks@demomail.test,104040,SKU-3074,N,100779,Yara Ivanov
100574,Event Attendee,110114,avery.brooks@sampleco.test,Emerson Whitfield,2025-01-17 21:55:00,elena.patel@examplecorp.test,Priya Ivanov,2024-06-24 04:02:00,fatima.dorsey@acme-fake.test,Fatima Patel,2025-12-07 17:08:00,,,,Y,Alpha,101831,emerson.reyes@examplecorp.test,104319,REF-6909,Y,100429,Nina Mercer
100269,Event Attendee,110116,rowan.sloan@demomail.test,Avery Costa,2025-07-08 23:49:00,omar.patel@examplecorp.test,Chen Sato,2024-05-01 21:45:00,drew.reyes@demomail.test,Chen Ivanov,2024-12-11 02:36:00,,,,Y,Gamma,101827,alex.rossi@demomail.test,104208,REF-1582,N,100421,Jordan Sato
100654,Event Attendee,110117,aisha.patel@acme-fake.test,Sofia Ivanov,2023-06-12 21:27:00,omar.garcia@sampleco.test,Taylor Nguyen,2024-09-26 17:57:00,morgan.dorsey@sampleco.test,Diego Brooks,2026-01-27 23:24:00,,,,N,Alpha,101816,chen.ashby@examplecorp.test,104786,LOT-1057,Y,100782,Quinn Ivanov
100345,Event Attendee,110119,reese.larsson@acme-fake.test,Diego Haddad,2024-06-23 17:13:00,nina.silva@examplecorp.test,Casey Kim,2024-09-13 10:22:00,drew.nguyen@demomail.test,Omar Kim,2023-09-25 00:22:00,,,,Y,Other,101837,rowan.cohen@examplecorp.test,102391,SKU-9499,N,100442,Elena Blake
100371,Event Attendee,110120,sofia.sloan@examplecorp.test,Skyler Garcia,2026-01-10 06:34:00,aisha.kim@acme-fake.test,Riley Blake,2025-11-22 01:15:00,skyler.brooks@examplecorp.test,Reese Cohen,2024-03-15 23:46:00,,,,Y,Alpha,101837,marco.sato@sampleco.test,104864,LOT-3008,Y,100393,Nina Cohen
100178,Event Attendee,110121,quinn.sato@examplecorp.test,Riley Patel,2026-07-01 14:00:00,omar.blake@acme-fake.test,Taylor Blake,2022-10-27 05:04:00,jordan.haddad@demomail.test,Marco Mercer,2023-02-11 00:18:00,,,,Y,Other,101798,morgan.ivanov@examplecorp.test,103483,TAG-1373,Y,100516,Morgan Cohen
100691,Event Attendee,110124,aisha.haddad@sampleco.test,Morgan Ashby,2024-02-21 16:10:00,yara.reyes@sampleco.test,Elena Ivanov,2023-08-09 21:43:00,aisha.silva@examplecorp.test,Fatima Vance,2025-12-20 11:29:00,,,,N,Alpha,101800,aisha.ivanov@examplecorp.test,103041,REF-8952,N,100399,Priya Vance
100098,Event Attendee,110127,rahul.larsson@sampleco.test,Liam Calder,2022-10-25 01:34:00,aisha.nguyen@examplecorp.test,Priya Sato,2024-11-16 13:23:00,riley.patel@acme-fake.test,Nina Ashby,2023-03-12 06:19:00,,,,Y,Other,101888,noah.ford@demomail.test,102389,SKU-5878,Y,100303,Aisha Calder
100073,Event Attendee,110129,reese.blake@sampleco.test,Avery Whitfield,2024-11-16 15:32:00,alex.larsson@acme-fake.test,Emerson Nguyen,2024-03-03 09:58:00,diego.vance@sampleco.test,Skyler Brooks,2024-03-24 01:49:00,,,,Y,Standard,101889,emerson.ivanov@demomail.test,103567,SKU-8432,Y,100019,Rahul Okafor
100632,Event Attendee,110132,reese.dorsey@sampleco.test,Skyler Ashby,2024-03-28 22:31:00,reese.dorsey@demomail.test,Rahul Sato,2023-11-12 05:12:00,aisha.dorsey@examplecorp.test,Liam Vance,2025-02-18 23:30:00,,,,N,Gamma,101792,elena.mercer@sampleco.test,102921,SKU-3333,N,100606,Mei Blake
100436,Event Attendee,110134,priya.mercer@demomail.test,Emerson Garcia,2026-02-11 14:41:00,arjun.blake@acme-fake.test,Noah Mensah,2025-05-06 14:56:00,rahul.silva@examplecorp.test,Casey Ivanov,2026-02-13 13:00:00,,,,Y,Alpha,101795,rahul.ashby@acme-fake.test,103688,SKU-1858,N,100519,Rahul Kim
100554,Event Attendee,110136,sofia.ivanov@examplecorp.test,Jordan Mercer,2023-04-27 09:36:00,aisha.whitfield@sampleco.test,Elena Whitfield,2026-01-22 16:53:00,rahul.whitfield@demomail.test,Jamie Larsson,2024-04-12 03:01:00,,,,Y,Gamma,101854,taylor.haddad@demomail.test,102972,TAG-2795,N,100009,Riley Costa
100462,Event Attendee,110139,rowan.dorsey@sampleco.test,Emerson Garcia,2023-06-04 05:17:00,jordan.haddad@demomail.test,Reese Mensah,2023-04-25 00:28:00,rahul.vance@demomail.test,Chen Reyes,2026-04-24 21:42:00,,,,Y,Other,101810,aisha.blake@examplecorp.test,103947,REF-4047,N,100686,Fatima Ford
100548,Event Attendee,110141,taylor.calder@demomail.test,Rowan Mercer,2023-11-14 07:34:00,yara.calder@examplecorp.test,Morgan Okafor,2024-03-30 06:48:00,taylor.mensah@acme-fake.test,Riley Haddad,2025-05-27 06:28:00,,,,N,Other,101888,jordan.sloan@demomail.test,103727,REF-8162,N,100784,Rahul Mensah
100158,Event Attendee,110142,yara.cohen@demomail.test,Chen Costa,2024-11-17 12:56:00,morgan.kim@examplecorp.test,Yara Patel,2024-09-29 09:23:00,riley.garcia@demomail.test,Rowan Sato,2026-06-24 22:00:00,,,,Y,Other,101840,rahul.sloan@sampleco.test,101965,SKU-2405,N,100478,Riley Cohen
100616,Event Attendee,110145,fatima.ashby@demomail.test,Nina Mensah,2023-07-13 07:47:00,priya.garcia@demomail.test,Avery Ivanov,2024-11-30 17:10:00,taylor.garcia@acme-fake.test,Avery Sloan,2026-04-05 21:50:00,,,,Y,Standard,101878,arjun.mensah@sampleco.test,102731,TAG-9017,Y,100246,Casey Ford
100461,Event Attendee,110148,jordan.sloan@acme-fake.test,Mei Reyes,2022-10-02 00:44:00,fatima.reyes@examplecorp.test,Casey Garcia,2025-02-03 20:05:00,morgan.rossi@demomail.test,Omar Dorsey,2026-01-23 20:45:00,,,,N,Alpha,101801,quinn.sloan@acme-fake.test,104244,LOT-8572,N,100441,Mei Calder
100343,Event Attendee,110149,nina.sato@examplecorp.test,Mei Mensah,2025-11-11 16:25:00,liam.costa@acme-fake.test,Emerson Vance,2025-11-05 05:48:00,casey.patel@examplecorp.test,Reese Larsson,2026-01-12 10:39:00,,,,N,Delta,101873,elena.ford@demomail.test,103244,LOT-8678,Y,100487,Quinn Calder
100157,Event Attendee,110150,avery.larsson@acme-fake.test,Rahul Ford,2023-07-02 13:44:00,omar.cohen@examplecorp.test,Casey Rossi,2023-08-30 06:37:00,avery.calder@examplecorp.test,Quinn Silva,2025-11-14 09:19:00,,,,N,Beta,101822,drew.haddad@demomail.test,102330,SKU-7822,Y,100309,Quinn Larsson
100149,Event Attendee,110152,avery.costa@demomail.test,Rahul Rossi,2022-10-05 15:46:00,jordan.cohen@demomail.test,Casey Ivanov,2023-06-03 05:47:00,marco.ashby@sampleco.test,Arjun Nguyen,2026-04-18 17:10:00,,,,Y,Standard,101792,morgan.ford@acme-fake.test,103585,TAG-3878,N,100239,Riley Kim
100140,Event Attendee,110155,jamie.dorsey@sampleco.test,Taylor Larsson,2025-06-22 15:21:00,rahul.vance@acme-fake.test,Sofia Dorsey,2022-11-15 03:52:00,priya.silva@examplecorp.test,Noah Whitfield,2024-07-28 11:21:00,,,,N,Delta,101881,yara.reyes@demomail.test,103494,SKU-6800,N,100109,Marco Garcia
100758,Event Attendee,110158,nina.costa@sampleco.test,Chen Costa,2023-08-21 07:04:00,diego.calder@acme-fake.test,Liam Patel,2025-08-03 08:05:00,jamie.patel@sampleco.test,Arjun Ashby,2023-04-17 15:54:00,,,,N,Standard,101815,priya.larsson@demomail.test,102209,SKU-9449,N,100761,Aisha Reyes
100058,Event Attendee,110160,nina.larsson@examplecorp.test,Morgan Mercer,2025-08-31 01:47:00,mei.silva@sampleco.test,Liam Sato,2023-07-25 04:11:00,chen.brooks@examplecorp.test,Emerson Nguyen,2025-07-06 12:54:00,,,,N,Delta,101887,avery.ford@demomail.test,104878,SKU-3354,N,100260,Diego Patel
100634,Event Attendee,110161,taylor.mercer@demomail.test,Aisha Dorsey,2023-03-17 04:06:00,casey.ashby@demomail.test,Diego Silva,2026-05-07 04:36:00,yara.blake@examplecorp.test,Marco Haddad,2023-12-23 21:58:00,,,,N,Other,101800,diego.kim@demomail.test,104722,SKU-5679,N,100031,Mei Brooks
100172,Event Attendee,110164,jamie.rossi@acme-fake.test,Rowan Reyes,2023-09-21 03:47:00,riley.mensah@examplecorp.test,Diego Nguyen,2025-03-27 18:31:00,alex.mercer@examplecorp.test,Alex Vance,2024-06-29 22:46:00,,,,Y,Gamma,101813,quinn.calder@demomail.test,102873,LOT-4193,Y,100273,Fatima Nguyen
100572,Event Attendee,110167,noah.nguyen@examplecorp.test,Mei Haddad,2025-06-04 05:18:00,morgan.patel@demomail.test,Avery Mensah,2023-12-27 05:38:00,yara.cohen@acme-fake.test,Arjun Okafor,2022-12-01 03:00:00,,,,Y,Other,101889,avery.larsson@sampleco.test,102491,LOT-8120,Y,100442,Jamie Calder
100355,Event Attendee,110170,taylor.mercer@examplecorp.test,Marco Rossi,2023-08-04 01:19:00,chen.costa@examplecorp.test,Rowan Mercer,2023-09-24 09:08:00,jamie.silva@demomail.test,Quinn Silva,2024-07-04 15:37:00,,,,N,Delta,101858,nina.silva@acme-fake.test,104584,LOT-7833,N,100278,Avery Larsson
100178,Event Attendee,110171,drew.nguyen@examplecorp.test,Alex Mercer,2025-07-31 01:33:00,skyler.dorsey@demomail.test,Jordan Vance,2023-09-22 15:40:00,liam.sato@sampleco.test,Morgan Ashby,2025-08-15 14:25:00,,,,Y,Standard,101821,priya.ashby@demomail.test,103947,SKU-9173,Y,100121,Morgan Ford
100191,Event Attendee,110173,emerson.vance@acme-fake.test,Marco Ivanov,2024-03-04 21:39:00,morgan.haddad@acme-fake.test,Arjun Blake,2022-10-07 20:32:00,rahul.ford@sampleco.test,Diego Kim,2023-02-23 13:29:00,,,,Y,Gamma,101849,liam.nguyen@demomail.test,102315,SKU-1286,Y,100389,Skyler Rossi
100786,Event Attendee,110174,drew.ashby@acme-fake.test,Jamie Garcia,2025-04-04 04:33:00,skyler.mercer@examplecorp.test,Skyler Ashby,2022-11-29 03:45:00,marco.sato@acme-fake.test,Yara Vance,2023-11-24 05:51:00,,,,N,Beta,101819,skyler.ashby@examplecorp.test,104456,LOT-2002,N,100686,Casey Ford
100291,Event Attendee,110176,alex.blake@sampleco.test,Noah Patel,2022-12-20 03:03:00,fatima.garcia@demomail.test,Skyler Blake,2023-12-14 14:07:00,drew.mensah@acme-fake.test,Casey Vance,2023-08-08 02:21:00,,,,N,Delta,101870,emerson.brooks@sampleco.test,104584,SKU-1389,Y,100647,Chen Patel
100305,Event Attendee,110177,quinn.ford@demomail.test,Casey Rossi,2023-03-03 05:14:00,jamie.whitfield@demomail.test,Riley Kim,2023-05-06 17:08:00,alex.mercer@examplecorp.test,Jordan Larsson,2024-12-25 14:46:00,,,,Y,Gamma,101810,jordan.blake@sampleco.test,102293,SKU-1380,N,100776,Jordan Sato
100758,Event Attendee,110178,omar.ivanov@demomail.test,Noah Ashby,2025-10-20 17:42:00,quinn.brooks@demomail.test,Fatima Ford,2022-10-06 08:33:00,noah.cohen@examplecorp.test,Diego Okafor,2024-05-29 09:45:00,,,,N,Beta,101805,priya.cohen@sampleco.test,103260,TAG-7002,Y,100425,Emerson Ashby
100514,Event Attendee,110179,morgan.silva@demomail.test,Elena Ashby,2025-11-24 13:48:00,drew.larsson@sampleco.test,Riley Costa,2022-12-13 21:03:00,marco.patel@examplecorp.test,Elena Vance,2022-10-25 09:31:00,,,,Y,Standard,101849,mei.blake@sampleco.test,102902,SKU-1627,N,100089,Omar Dorsey
100177,Event Attendee,110182,emerson.ashby@examplecorp.test,Rowan Okafor,2025-11-09 12:38:00,taylor.ford@sampleco.test,Yara Ford,2026-07-15 06:51:00,omar.dorsey@sampleco.test,Casey Vance,2024-10-06 14:53:00,,,,Y,Beta,101822,taylor.nguyen@demomail.test,102318,LOT-5585,N,100771,Skyler Ivanov
100083,Event Attendee,110184,drew.whitfield@acme-fake.test,Mei Cohen,2025-12-26 14:17:00,jordan.haddad@demomail.test,Fatima Mercer,2023-05-02 04:31:00,liam.larsson@sampleco.test,Arjun Haddad,2023-05-12 17:43:00,,,,N,Other,101849,riley.garcia@sampleco.test,104668,LOT-4845,N,100199,Skyler Ford
100068,Event Attendee,110185,mei.patel@demomail.test,Sofia Cohen,2024-08-26 20:04:00,aisha.patel@examplecorp.test,Jamie Ivanov,2026-01-06 09:37:00,elena.blake@examplecorp.test,Quinn Kim,2024-08-20 10:53:00,,,,Y,Standard,101887,noah.mensah@demomail.test,104733,SKU-8370,Y,100680,Riley Silva
100639,Event Attendee,110187,casey.patel@sampleco.test,Drew Blake,2022-10-21 23:02:00,marco.nguyen@acme-fake.test,Chen Mensah,2025-12-24 12:22:00,noah.brooks@demomail.test,Jordan Mercer,2024-11-15 01:48:00,,,,Y,Gamma,101834,noah.costa@demomail.test,103901,SKU-2634,Y,100401,Alex Cohen
100468,Event Attendee,110189,quinn.sato@demomail.test,Diego Costa,2025-08-30 07:06:00,jamie.sloan@sampleco.test,Taylor Blake,2024-10-18 16:45:00,avery.vance@sampleco.test,Chen Whitfield,2024-10-10 00:20:00,,,,N,Beta,101830,rowan.ashby@examplecorp.test,102052,LOT-6855,N,100545,Arjun Ivanov
100460,Event Attendee,110191,diego.ivanov@demomail.test,Emerson Whitfield,2025-05-23 07:48:00,emerson.brooks@demomail.test,Jordan Ivanov,2023-10-27 11:15:00,sofia.okafor@sampleco.test,Jamie Sato,2024-04-09 03:24:00,,,,Y,Beta,101886,reese.whitfield@acme-fake.test,102609,SKU-3688,Y,100196,Reese Rossi
100735,Event Attendee,110194,omar.calder@examplecorp.test,Drew Haddad,2025-10-28 13:42:00,chen.brooks@acme-fake.test,Rahul Mensah,2024-09-11 05:28:00,omar.garcia@sampleco.test,Avery Okafor,2023-04-12 05:51:00,,,,Y,Beta,101812,diego.mercer@acme-fake.test,103492,TAG-5021,N,100155,Mei Sato
100140,Event Attendee,110195,omar.nguyen@examplecorp.test,Marco Sato,2025-07-16 06:50:00,diego.dorsey@examplecorp.test,Rahul Dorsey,2026-07-02 17:35:00,riley.ashby@demomail.test,Chen Mensah,2024-10-31 00:15:00,,,,N,Beta,101888,jordan.mensah@demomail.test,104149,LOT-2240,N,100525,Yara Mensah
100309,Event Attendee,110197,jamie.vance@sampleco.test,Yara Calder,2025-01-21 04:29:00,noah.ashby@demomail.test,Fatima Mercer,2023-04-03 12:53:00,marco.ivanov@examplecorp.test,Jamie Mercer,2026-03-31 11:41:00,,,,N,Other,101875,arjun.sato@examplecorp.test,103417,SKU-1188,Y,100473,Rahul Cohen
100128,Event Attendee,110199,sofia.ashby@sampleco.test,Noah Cohen,2025-10-26 05:01:00,diego.kim@acme-fake.test,Yara Okafor,2023-09-17 12:20:00,sofia.reyes@demomail.test,Avery Ashby,2025-07-03 13:50:00,,,,N,Standard,101846,elena.haddad@acme-fake.test,103061,SKU-2490,N,100161,Yara Ashby
100021,Event Attendee,110202,fatima.rossi@acme-fake.test,Omar Costa,2024-07-03 07:36:00,morgan.blake@examplecorp.test,Rowan Dorsey,2024-01-01 09:13:00,priya.vance@acme-fake.test,Marco Rossi,2025-02-07 12:05:00,,,,N,Gamma,101861,rowan.calder@sampleco.test,104073,SKU-2953,Y,100042,Diego Cohen
100441,Event Attendee,110205,casey.ford@demomail.test,Skyler Cohen,2023-12-20 15:00:00,liam.vance@sampleco.test,Diego Okafor,2025-03-23 20:37:00,diego.okafor@acme-fake.test,Alex Silva,2023-06-01 23:07:00,,,,Y,Other,101865,omar.blake@demomail.test,102740,REF-1411,N,100504,Riley Sato
100201,Event Attendee,110208,jamie.dorsey@examplecorp.test,Alex Costa,2025-09-28 00:51:00,jordan.haddad@sampleco.test,Omar Reyes,2024-06-10 13:03:00,yara.costa@sampleco.test,Sofia Rossi,2023-02-07 10:20:00,,,,Y,Delta,101815,morgan.cohen@demomail.test,104102,LOT-9303,N,100319,Fatima Patel
100569,Event Attendee,110209,casey.larsson@acme-fake.test,Mei Mensah,2025-10-12 08:00:00,drew.rossi@acme-fake.test,Marco Brooks,2024-11-01 03:51:00,diego.ford@examplecorp.test,Mei Okafor,2026-01-01 09:14:00,,,,Y,Alpha,101860,quinn.brooks@demomail.test,104779,TAG-7367,Y,100481,Rahul Reyes
100185,Event Attendee,110211,riley.blake@examplecorp.test,Quinn Calder,2024-06-01 07:23:00,liam.ford@sampleco.test,Rowan Costa,2023-03-26 07:46:00,priya.mercer@acme-fake.test,Omar Costa,2024-01-30 15:21:00,,,,Y,Standard,101862,skyler.ashby@demomail.test,102921,TAG-6495,Y,100414,Avery Silva
100568,Event Attendee,110213,rahul.dorsey@demomail.test,Chen Ashby,2023-05-04 16:34:00,omar.mercer@examplecorp.test,Riley Reyes,2023-09-29 02:36:00,priya.ford@demomail.test,Avery Cohen,2023-07-06 14:36:00,,,,Y,Alpha,101875,diego.mensah@sampleco.test,102114,SKU-8880,Y,100751,Skyler Cohen
100732,Event Attendee,110215,jordan.sloan@acme-fake.test,Rowan Rossi,2023-03-18 04:50:00,reese.sloan@demomail.test,Casey Ivanov,2026-03-15 03:00:00,jordan.blake@demomail.test,Aisha Ivanov,2024-03-06 04:56:00,,,,Y,Other,101803,casey.reyes@sampleco.test,104760,LOT-3791,N,100691,Liam Larsson
100139,Event Attendee,110218,noah.larsson@acme-fake.test,Jordan Rossi,2026-03-17 02:29:00,noah.patel@acme-fake.test,Yara Calder,2025-11-12 18:39:00,liam.larsson@acme-fake.test,Jordan Kim,2023-04-04 06:54:00,,,,N,Gamma,101792,priya.calder@sampleco.test,102607,REF-3504,Y,100582,Jamie Rossi
100161,Event Attendee,110219,marco.dorsey@sampleco.test,Riley Sloan,2026-01-29 22:45:00,drew.kim@sampleco.test,Yara Vance,2024-03-23 06:59:00,sofia.haddad@demomail.test,Liam Silva,2023-05-24 14:52:00,,,,N,Alpha,101865,noah.ford@sampleco.test,104782,REF-5848,Y,100574,Jamie Ivanov
100156,Event Attendee,110222,liam.ford@examplecorp.test,Casey Ivanov,2024-08-07 10:25:00,liam.ford@sampleco.test,Sofia Calder,2025-09-30 17:09:00,quinn.patel@demomail.test,Skyler Garcia,2022-12-19 09:12:00,,,,Y,Standard,101795,drew.costa@sampleco.test,103515,SKU-6272,N,100509,Nina Dorsey
100208,Event Attendee,110224,alex.rossi@demomail.test,Riley Whitfield,2026-03-07 20:05:00,drew.calder@demomail.test,Fatima Sato,2026-01-18 23:07:00,liam.silva@acme-fake.test,Noah Cohen,2024-07-05 12:58:00,,,,Y,Delta,101817,rowan.mensah@examplecorp.test,102404,SKU-1030,N,100661,Nina Ashby
100446,Event Attendee,110226,avery.costa@demomail.test,Marco Ashby,2026-02-19 11:49:00,skyler.silva@acme-fake.test,Emerson Larsson,2026-02-08 15:01:00,rahul.kim@demomail.test,Riley Ford,2023-03-02 22:43:00,,,,Y,Other,101803,rowan.kim@sampleco.test,102028,TAG-5482,Y,100451,Aisha Calder
100035,Event Attendee,110229,riley.larsson@demomail.test,Emerson Blake,2023-05-28 03:24:00,rahul.kim@sampleco.test,Marco Kim,2022-12-07 18:35:00,quinn.haddad@examplecorp.test,Priya Okafor,2025-11-11 02:56:00,,,,N,Delta,101883,rowan.calder@acme-fake.test,101924,TAG-1709,Y,100219,Quinn Vance
100156,Event Attendee,110230,fatima.mensah@examplecorp.test,Morgan Kim,2026-01-15 00:36:00,casey.haddad@sampleco.test,Nina Rossi,2024-10-31 03:39:00,emerson.ivanov@demomail.test,Sofia Sloan,2023-11-22 02:51:00,,,,N,Gamma,101827,chen.ford@sampleco.test,104620,SKU-7201,N,100079,Skyler Nguyen
100791,Event Attendee,110232,casey.mercer@acme-fake.test,Marco Nguyen,2023-11-01 00:47:00,liam.garcia@acme-fake.test,Noah Larsson,2025-12-16 09:45:00,rowan.dorsey@demomail.test,Casey Vance,2023-07-14 04:58:00,,,,Y,Gamma,101792,riley.cohen@sampleco.test,103278,REF-3514,N,100079,Yara Ford
100471,Event Attendee,110234,riley.rossi@demomail.test,Nina Mensah,2025-08-14 19:49:00,chen.cohen@examplecorp.test,Casey Silva,2025-01-04 02:28:00,taylor.silva@examplecorp.test,Alex Mensah,2023-09-13 03:03:00,,,,N,Beta,101837,noah.mercer@sampleco.test,104153,REF-4086,N,100403,Elena Ford
100340,Event Attendee,110235,elena.okafor@examplecorp.test,Elena Sato,2024-03-05 02:38:00,emerson.mercer@examplecorp.test,Taylor Ford,2024-10-12 13:06:00,jordan.sato@examplecorp.test,Noah Vance,2023-12-13 19:24:00,,,,Y,Beta,101819,nina.nguyen@acme-fake.test,104045,REF-6715,Y,100319,Arjun Brooks
100309,Event Attendee,110237,rahul.okafor@acme-fake.test,Noah Silva,2025-12-03 13:31:00,nina.haddad@acme-fake.test,Mei Rossi,2024-08-05 21:19:00,noah.dorsey@acme-fake.test,Marco Reyes,2026-06-16 17:35:00,,,,Y,Standard,101888,noah.ford@sampleco.test,104459,REF-5044,Y,100375,Diego Okafor
100120,Event Attendee,110239,diego.vance@examplecorp.test,Rahul Larsson,2024-06-04 04:30:00,reese.costa@sampleco.test,Jamie Vance,2026-07-16 23:18:00,alex.larsson@acme-fake.test,Fatima Rossi,2024-03-21 12:46:00,,,,N,Delta,101875,mei.haddad@demomail.test,102787,REF-5333,N,100309,Noah Larsson
100382,Event Attendee,110240,riley.mensah@demomail.test,Emerson Silva,2022-11-11 22:58:00,morgan.cohen@examplecorp.test,Aisha Haddad,2023-12-12 15:21:00,rahul.blake@acme-fake.test,Riley Reyes,2026-07-09 10:48:00,,,,N,Beta,101817,aisha.garcia@demomail.test,104002,LOT-6235,Y,100054,Drew Ivanov
100650,Event Attendee,110242,morgan.mercer@demomail.test,Skyler Brooks,2023-11-02 09:40:00,elena.larsson@examplecorp.test,Rahul Mensah,2023-01-12 23:15:00,liam.okafor@demomail.test,Sofia Costa,2024-03-26 23:28:00,,,,Y,Standard,101854,mei.vance@sampleco.test,102309,LOT-7668,N,100415,Casey Garcia
100467,Event Attendee,110245,avery.mensah@acme-fake.test,Arjun Sato,2023-08-14 09:26:00,morgan.nguyen@demomail.test,Alex Mensah,2024-06-04 16:41:00,priya.ashby@acme-fake.test,Noah Brooks,2025-09-24 00:50:00,,,,N,Delta,101812,riley.mercer@sampleco.test,103195,REF-8198,N,100529,Drew Blake
100460,Event Attendee,110248,chen.sloan@acme-fake.test,Alex Rossi,2023-10-20 08:43:00,casey.haddad@acme-fake.test,Skyler Calder,2025-04-10 20:12:00,skyler.ivanov@examplecorp.test,Aisha Brooks,2023-04-23 12:13:00,,,,Y,Other,101836,arjun.mercer@demomail.test,102248,REF-5029,Y,100613,Noah Sloan
100343,Event Attendee,110249,emerson.vance@examplecorp.test,Reese Ashby,2026-04-19 06:45:00,drew.silva@acme-fake.test,Priya Ashby,2026-05-28 22:04:00,rahul.haddad@demomail.test,Priya Nguyen,2023-10-04 13:11:00,,,,N,Alpha,101867,priya.garcia@demomail.test,104338,SKU-6713,Y,100552,Morgan Sloan
100217,Event Attendee,110251,avery.larsson@demomail.test,Reese Larsson,2025-04-10 00:07:00,yara.ivanov@acme-fake.test,Liam Mensah,2025-04-13 09:18:00,casey.rossi@acme-fake.test,Jordan Dorsey,2024-09-08 16:34:00,,,,N,Alpha,101851,liam.garcia@demomail.test,104351,REF-6811,Y,100053,Emerson Silva
100652,Event Attendee,110252,yara.dorsey@acme-fake.test,Aisha Ivanov,2024-12-12 07:40:00,aisha.vance@examplecorp.test,Jordan Mensah,2024-02-10 19:07:00,chen.sato@demomail.test,Arjun Vance,2025-09-14 23:13:00,,,,Y,Alpha,101798,arjun.ashby@sampleco.test,103264,LOT-4799,N,100106,Rowan Cohen
100217,Event Attendee,110255,riley.ivanov@acme-fake.test,Yara Kim,2023-01-06 06:28:00,riley.silva@acme-fake.test,Mei Calder,2026-02-13 01:16:00,liam.nguyen@sampleco.test,Chen Sloan,2023-03-16 22:24:00,,,,Y,Standard,101837,arjun.haddad@sampleco.test,103631,SKU-4806,N,100299,Chen Ford
100469,Event Attendee,110257,marco.whitfield@demomail.test,Taylor Dorsey,2025-09-01 23:30:00,avery.ivanov@acme-fake.test,Sofia Nguyen,2024-03-08 05:50:00,marco.nguyen@examplecorp.test,Marco Ford,2024-10-06 00:53:00,,,,Y,Beta,101888,elena.larsson@acme-fake.test,101937,TAG-4596,N,100157,Liam Sato
100204,Event Attendee,110259,reese.patel@examplecorp.test,Noah Haddad,2024-02-20 22:00:00,quinn.mercer@acme-fake.test,Taylor Mensah,2023-03-30 04:05:00,noah.cohen@examplecorp.test,Jamie Garcia,2025-10-23 03:24:00,,,,Y,Standard,101795,avery.whitfield@acme-fake.test,103598,SKU-4178,Y,100775,Mei Calder
100622,Event Attendee,110262,jamie.rossi@demomail.test,Arjun Sato,2024-12-14 06:28:00,skyler.calder@acme-fake.test,Alex Sato,2024-03-30 05:42:00,marco.haddad@demomail.test,Jamie Nguyen,2025-02-06 18:29:00,,,,Y,Alpha,101794,elena.sato@demomail.test,102279,LOT-8433,N,100366,Mei Rossi
100307,Event Attendee,110265,casey.calder@demomail.test,Quinn Ashby,2023-04-08 14:46:00,reese.cohen@acme-fake.test,Riley Larsson,2025-07-07 16:45:00,rowan.kim@demomail.test,Taylor Ivanov,2023-03-31 13:17:00,,,,N,Standard,101805,chen.ashby@acme-fake.test,103498,TAG-5882,N,100401,Casey Larsson
100683,Event Attendee,110267,chen.calder@sampleco.test,Nina Larsson,2026-03-05 03:58:00,jordan.mercer@sampleco.test,Elena Brooks,2024-06-18 12:12:00,priya.garcia@acme-fake.test,Quinn Ford,2022-11-10 07:45:00,,,,Y,Alpha,101794,drew.sloan@acme-fake.test,104588,LOT-7605,Y,100214,Rahul Costa
100089,Event Attendee,110268,jordan.nguyen@sampleco.test,Priya Garcia,2024-02-11 18:53:00,elena.ashby@examplecorp.test,Noah Sloan,2022-11-07 21:32:00,emerson.blake@examplecorp.test,Priya Rossi,2025-09-16 09:15:00,,,,N,Other,101803,diego.rossi@acme-fake.test,104054,REF-4274,N,100522,Liam Brooks
100277,Event Attendee,110269,liam.dorsey@acme-fake.test,Chen Rossi,2023-12-27 03:08:00,nina.haddad@sampleco.test,Taylor Costa,2026-02-07 07:25:00,marco.kim@sampleco.test,Skyler Nguyen,2024-11-25 02:02:00,,,,N,Alpha,101851,riley.vance@demomail.test,104272,TAG-5564,N,100425,Noah Patel
100555,Event Attendee,110270,reese.garcia@examplecorp.test,Nina Sloan,2024-12-20 09:48:00,arjun.sloan@sampleco.test,Jamie Garcia,2023-12-31 07:53:00,jamie.mercer@acme-fake.test,Chen Cohen,2025-03-03 13:17:00,,,,Y,Delta,101840,elena.reyes@sampleco.test,104790,SKU-6618,Y,100292,Liam Okafor
100178,Event Attendee,110273,chen.patel@examplecorp.test,Quinn Rossi,2023-03-28 05:47:00,casey.ford@sampleco.test,Mei Haddad,2023-03-04 12:34:00,rahul.vance@sampleco.test,Elena Brooks,2026-05-22 00:03:00,,,,Y,Gamma,101815,skyler.ivanov@sampleco.test,103310,TAG-8781,Y,100574,Drew Rossi
100707,Event Attendee,110276,taylor.cohen@sampleco.test,Jordan Whitfield,2026-05-27 05:54:00,sofia.patel@sampleco.test,Jordan Rossi,2022-12-09 07:26:00,jordan.mercer@sampleco.test,Priya Ashby,2023-03-08 03:32:00,,,,N,Alpha,101792,alex.vance@acme-fake.test,102955,REF-4436,Y,100545,Fatima Whitfield
100149,Event Attendee,110277,jordan.calder@acme-fake.test,Riley Kim,2025-04-26 04:06:00,omar.patel@sampleco.test,Quinn Vance,2024-01-09 17:46:00,rahul.ashby@sampleco.test,Riley Calder,2025-03-26 13:43:00,,,,N,Alpha,101836,skyler.haddad@examplecorp.test,102727,SKU-4577,N,100528,Arjun Patel
100713,Event Attendee,110278,liam.blake@demomail.test,Taylor Cohen,2025-01-31 15:09:00,chen.patel@sampleco.test,Taylor Mercer,2025-06-19 23:29:00,skyler.mercer@demomail.test,Yara Sato,2025-07-31 05:44:00,,,,N,Alpha,101881,rowan.silva@examplecorp.test,103701,REF-3839,Y,100753,Taylor Brooks
100221,Event Attendee,110281,marco.rossi@examplecorp.test,Mei Larsson,2024-07-22 17:55:00,morgan.mercer@demomail.test,Riley Ford,2024-06-06 23:16:00,casey.larsson@examplecorp.test,Emerson Larsson,2022-10-05 22:10:00,,,,Y,Beta,101862,marco.brooks@sampleco.test,102212,SKU-4892,Y,100348,Reese Mensah
100139,Event Attendee,110283,arjun.larsson@acme-fake.test,Skyler Rossi,2026-07-23 01:29:00,avery.vance@examplecorp.test,Aisha Calder,2025-03-13 00:14:00,nina.rossi@examplecorp.test,Liam Patel,2022-12-18 17:35:00,,,,N,Other,101795,jordan.reyes@examplecorp.test,104588,LOT-9384,Y,100564,Reese Patel
100700,Event Attendee,110286,yara.ford@demomail.test,Mei Haddad,2023-03-22 17:22:00,rahul.vance@demomail.test,Jordan Haddad,2025-04-08 22:32:00,drew.mensah@demomail.test,Diego Nguyen,2024-11-09 16:11:00,,,,N,Delta,101805,elena.kim@demomail.test,103218,REF-2173,N,100217,Chen Whitfield
100702,Event Attendee,110287,diego.sloan@examplecorp.test,Riley Silva,2025-02-22 03:03:00,morgan.kim@acme-fake.test,Skyler Vance,2023-09-21 11:34:00,priya.dorsey@examplecorp.test,Elena Kim,2024-10-19 14:37:00,,,,Y,Standard,101861,quinn.haddad@sampleco.test,102848,TAG-2695,N,100398,Avery Garcia
100038,Event Attendee,110290,morgan.mercer@acme-fake.test,Noah Ford,2025-07-21 07:20:00,avery.haddad@acme-fake.test,Diego Ashby,2023-06-27 03:54:00,jamie.silva@sampleco.test,Jordan Costa,2025-01-25 02:00:00,,,,Y,Gamma,101798,jordan.patel@demomail.test,103227,REF-2091,Y,100307,Alex Nguyen
100021,Event Attendee,110291,noah.vance@sampleco.test,Reese Brooks,2026-07-13 15:08:00,taylor.cohen@examplecorp.test,Rahul Silva,2024-04-12 06:51:00,aisha.dorsey@demomail.test,Emerson Ashby,2025-09-07 01:51:00,,,,Y,Beta,101857,sofia.sloan@sampleco.test,103092,LOT-8391,N,100758,Diego Calder
100389,Event Attendee,110294,emerson.haddad@acme-fake.test,Drew Haddad,2024-05-23 03:28:00,skyler.rossi@examplecorp.test,Riley Calder,2023-01-21 16:49:00,arjun.vance@demomail.test,Morgan Costa,2022-11-06 11:46:00,,,,N,Standard,101795,omar.cohen@sampleco.test,103333,SKU-7572,N,100582,Aisha Rossi
