Entity_Type_ID,Entity_Type_Name,Entity_ID,Owned_by_SAM,Owned_by_Display_Name,Own_Datetime,Created_by_SAM,Created_by_Display_Name,Created_Datetime,Modified_by_Sam,Modified_by_Display_Name,Modified_Datetime,Assigned_to_Sam,Assigned_to_Display_Name,Assign_Datetime,Is_Active,JOB_NAME,CUSTOMER_NAME,CUSTOMER_NAME_EXD_OBJECT_ID,CUSTOMER_DEPARTMENT,CUSTOMER_DEPARTMENT_EXD_OBJECT_ID,JOB_DESCRIPTION,ACTIVE,RELAY_DEPARTMENT,RELAY_DEPARTMENT_EXD_OBJECT_ID,JOB,OPPORTUNITY,OPPORTUNITY_EXD_OBJECT_ID,DISPLAY_NAME
100315,Job,108061,rahul.calder@sampleco.test,Skyler Ivanov,2024-01-04 16:27:00,omar.ivanov@examplecorp.test,Fatima Garcia,2024-08-27 23:13:00,mei.brooks@acme-fake.test,Alex Ford,2023-12-20 18:47:00,,,,N,Taylor Blake,Reese Silva,100349,Alpha,100016,,N,,,REF-6369,,,Aisha Patel
100699,Job,108064,fatima.vance@sampleco.test,Noah Garcia,2022-12-28 01:23:00,marco.whitfield@acme-fake.test,Marco Whitfield,2025-09-25 17:13:00,morgan.brooks@examplecorp.test,Taylor Sato,2024-09-16 20:33:00,,,,Y,Chen Silva,Priya Garcia,100191,Gamma,100098,Scheduled a check-in for the coming month.,Y,,100050,TAG-5719,,,Arjun Ivanov
100162,Job,108067,avery.nguyen@examplecorp.test,Drew Dorsey,2026-06-17 00:45:00,emerson.brooks@demomail.test,Reese Haddad,2025-03-16 09:23:00,quinn.ashby@sampleco.test,Quinn Kim,2024-01-20 21:52:00,,,,Y,Liam Ivanov,Mei Patel,100442,Standard,100005,,N,,100214,SKU-1667,,,Rahul Nguyen
100028,Job,108069,jordan.ford@examplecorp.test,Fatima Mensah,2025-07-18 05:36:00,skyler.rossi@demomail.test,Elena Reyes,2026-04-12 16:35:00,noah.patel@examplecorp.test,Omar Garcia,2025-04-16 03:51:00,,,,Y,Skyler Calder,Aisha Okafor,100224,Gamma,100622,Aligned on billing and renewal terms.,N,,,TAG-5772,,105241,Avery Vance
100747,Job,108071,jamie.whitfield@acme-fake.test,Priya Kim,2024-11-21 19:56:00,priya.mercer@demomail.test,Chen Ivanov,2025-06-15 17:46:00,arjun.silva@acme-fake.test,Jordan Ashby,2023-12-06 07:02:00,,,,Y,Drew Nguyen,Liam Okafor,100040,Gamma,100140,,Y,,,TAG-6499,,105874,Morgan Vance
100026,Job,108074,drew.haddad@acme-fake.test,Morgan Mensah,2023-08-20 23:28:00,fatima.patel@acme-fake.test,Chen Sloan,2023-04-27 13:13:00,chen.rossi@demomail.test,Drew Okafor,2025-01-23 21:01:00,,,,N,Taylor Cohen,Reese Patel,100281,Beta,100317,,Y,,100359,LOT-1675,,105965,Yara Vance
100359,Job,108077,quinn.haddad@acme-fake.test,Sofia Costa,2023-11-05 06:18:00,riley.nguyen@examplecorp.test,Skyler Brooks,2025-12-16 08:33:00,drew.mercer@sampleco.test,Aisha Cohen,2023-05-12 08:56:00,,,,N,Jordan Garcia,Mei Mercer,100352,Other,100168,Noted a concern to revisit at the next sync.,Y,,,LOT-7243,,106227,Riley Reyes
100468,Job,108080,mei.cohen@acme-fake.test,Arjun Reyes,2025-05-04 00:44:00,taylor.calder@sampleco.test,Yara Patel,2024-03-15 04:00:00,nina.mercer@demomail.test,Aisha Ivanov,2023-07-11 23:51:00,,,,N,Quinn Vance,Nina Okafor,100181,Standard,100750,Discussed timeline and next steps with the account.,Y,,100317,SKU-7425,,105413,Riley Patel
100021,Job,108082,rahul.ford@sampleco.test,Arjun Brooks,2022-11-20 17:02:00,quinn.vance@sampleco.test,Aisha Mercer,2023-11-27 20:19:00,aisha.cohen@sampleco.test,Marco Ashby,2022-11-07 04:43:00,,,,N,Priya Dorsey,Quinn Vance,100335,Beta,100047,Followed up on the open items from last week.,N,,100418,SKU-2738,,106448,Quinn Ivanov
100590,Job,108083,yara.mensah@demomail.test,Sofia Calder,2024-05-19 11:00:00,rahul.dorsey@examplecorp.test,Sofia Kim,2024-02-11 03:27:00,jordan.silva@sampleco.test,Chen Ivanov,2026-05-20 07:34:00,,,,N,Riley Garcia,Drew Garcia,100068,Other,100277,,Y,,,SKU-2259,,,Sofia Nguyen
100532,Job,108086,aisha.garcia@examplecorp.test,Casey Sloan,2025-05-19 07:56:00,jordan.blake@acme-fake.test,Rahul Mensah,2023-05-02 04:32:00,morgan.vance@acme-fake.test,Arjun Costa,2024-08-31 11:59:00,,,,N,Rahul Ashby,Skyler Nguyen,100727,Gamma,100759,Resolved the outstanding question about scope.,Y,,100348,SKU-9158,,106042,Noah Blake
100296,Job,108088,diego.okafor@demomail.test,Rowan Calder,2025-04-16 13:35:00,marco.ivanov@examplecorp.test,Morgan Garcia,2023-08-29 13:40:00,fatima.costa@examplecorp.test,Noah Ford,2026-03-11 19:53:00,,,,Y,Sofia Calder,Reese Cohen,100743,Delta,100659,Reviewed performance and gathered feedback.,N,Gamma,,SKU-6630,,105340,Emerson Mercer
100083,Job,108091,priya.ford@examplecorp.test,Morgan Nguyen,2024-09-02 17:54:00,priya.costa@examplecorp.test,Taylor Ford,2024-04-14 04:10:00,fatima.ashby@demomail.test,Liam Larsson,2023-09-27 13:31:00,,,,Y,Noah Dorsey,Priya Ford,100396,Delta,100335,,N,,,TAG-4738,,106444,Drew Larsson
100295,Job,108092,quinn.patel@examplecorp.test,Taylor Okafor,2023-10-22 21:04:00,taylor.dorsey@acme-fake.test,Emerson Whitfield,2023-04-11 13:27:00,omar.ford@demomail.test,Elena Garcia,2025-12-18 09:30:00,,,,N,Jamie Calder,Rowan Larsson,100453,Alpha,100771,Noted a concern to revisit at the next sync.,Y,,100475,TAG-6120,,106336,Quinn Mercer
100678,Job,108094,nina.garcia@sampleco.test,Fatima Vance,2026-06-13 03:50:00,aisha.haddad@demomail.test,Rowan Haddad,2023-12-02 11:42:00,taylor.ford@demomail.test,Avery Sato,2025-04-19 18:17:00,,,,Y,Liam Vance,Marco Whitfield,100688,Standard,100292,,Y,,100669,LOT-5284,,,Jordan Mercer
100083,Job,108096,priya.costa@sampleco.test,Rahul Silva,2022-10-05 02:21:00,taylor.sato@demomail.test,Avery Mercer,2022-10-20 06:15:00,riley.garcia@acme-fake.test,Rowan Mensah,2023-04-18 02:36:00,,,,N,Mei Nguyen,Morgan Nguyen,100656,Other,100775,,N,,100673,TAG-1137,,,Noah Garcia
100634,Job,108097,taylor.dorsey@demomail.test,Alex Larsson,2024-02-04 10:01:00,yara.ivanov@demomail.test,Yara Sloan,2023-02-03 07:13:00,elena.vance@acme-fake.test,Nina Okafor,2025-04-30 01:34:00,,,,N,Yara Kim,Liam Mercer,100582,Other,100688,Resolved the outstanding question about scope.,N,,100721,REF-6697,,,Mei Patel
100086,Job,108098,aisha.mercer@examplecorp.test,Morgan Ivanov,2025-09-11 01:18:00,noah.garcia@acme-fake.test,Casey Haddad,2025-12-06 06:22:00,priya.garcia@sampleco.test,Riley Cohen,2025-01-18 08:16:00,,,,N,Elena Dorsey,Reese Dorsey,100634,Delta,100548,,N,,100522,TAG-4201,,,Quinn Costa
100058,Job,108099,sofia.silva@acme-fake.test,Reese Calder,2022-11-12 14:04:00,aisha.kim@demomail.test,Fatima Mensah,2025-10-14 05:55:00,arjun.patel@sampleco.test,Taylor Patel,2025-04-26 21:12:00,,,,N,Marco Mercer,Mei Mercer,100349,Beta,100128,,Y,,100659,LOT-8036,,105241,Drew Rossi
100645,Job,108102,skyler.ford@demomail.test,Alex Sato,2023-02-27 04:25:00,noah.garcia@examplecorp.test,Priya Dorsey,2024-08-04 14:22:00,rahul.dorsey@examplecorp.test,Casey Cohen,2025-08-30 13:59:00,,,,Y,Morgan Mercer,Noah Mercer,100762,Alpha,100451,,Y,,,SKU-6129,,105343,Marco Silva
100627,Job,108104,casey.vance@sampleco.test,Taylor Whitfield,2022-12-03 11:39:00,rowan.mensah@acme-fake.test,Noah Ivanov,2025-04-16 20:41:00,mei.garcia@demomail.test,Rowan Blake,2024-11-15 21:09:00,,,,N,Fatima Dorsey,Sofia Ivanov,100387,Beta,100726,,Y,,100076,TAG-6547,,,Fatima Cohen
100348,Job,108106,priya.haddad@demomail.test,Alex Nguyen,2026-05-15 05:38:00,casey.sloan@sampleco.test,Liam Vance,2022-11-21 00:37:00,diego.ashby@acme-fake.test,Jamie Sato,2023-01-04 03:37:00,,,,Y,Mei Cohen,Noah Nguyen,100493,Beta,100157,,Y,,,TAG-5589,,105196,Riley Cohen
100076,Job,108109,omar.okafor@sampleco.test,Nina Blake,2026-01-29 23:40:00,noah.haddad@demomail.test,Yara Dorsey,2024-04-03 08:27:00,reese.ashby@sampleco.test,Drew Reyes,2026-07-07 07:48:00,,,,N,Rowan Vance,Fatima Kim,100089,Other,100372,,Y,,,LOT-7225,,,Mei Nguyen
100309,Job,108112,emerson.blake@sampleco.test,Elena Ivanov,2024-01-21 19:22:00,elena.costa@acme-fake.test,Chen Whitfield,2025-05-19 18:30:00,jamie.mercer@demomail.test,Yara Garcia,2025-12-11 18:32:00,,,,Y,Chen Reyes,Rowan Rossi,100077,Alpha,100733,Discussed timeline and next steps with the account.,Y,,100271,REF-2856,,105943,Taylor Ivanov
100120,Job,108113,nina.haddad@sampleco.test,Skyler Dorsey,2024-10-16 09:04:00,priya.okafor@examplecorp.test,Elena Vance,2026-02-13 02:21:00,drew.larsson@examplecorp.test,Quinn Dorsey,2026-04-15 00:28:00,,,,Y,Aisha Patel,Priya Silva,100503,Beta,100675,,N,,100451,SKU-2192,,105885,Aisha Vance
100038,Job,108114,taylor.mensah@demomail.test,Noah Rossi,2023-06-03 23:14:00,avery.kim@acme-fake.test,Yara Reyes,2023-05-06 18:22:00,taylor.kim@acme-fake.test,Taylor Dorsey,2023-10-10 17:01:00,,,,N,Quinn Whitfield,Yara Ivanov,100023,Delta,100601,Discussed timeline and next steps with the account.,Y,,100309,REF-2557,,106522,Aisha Mercer
100193,Job,108115,nina.brooks@examplecorp.test,Taylor Ashby,2023-01-23 00:07:00,reese.reyes@sampleco.test,Sofia Ford,2025-08-14 09:43:00,omar.calder@demomail.test,Taylor Silva,2023-01-06 01:53:00,,,,N,Reese Costa,Quinn Dorsey,100529,Standard,100555,Noted a concern to revisit at the next sync.,N,,,LOT-9911,,105104,Quinn Blake
100307,Job,108117,fatima.costa@sampleco.test,Taylor Haddad,2026-02-04 03:42:00,alex.vance@examplecorp.test,Skyler Okafor,2026-03-14 13:04:00,fatima.dorsey@acme-fake.test,Alex Dorsey,2026-04-03 04:09:00,,,,N,Elena Okafor,Arjun Ford,100106,Standard,100079,Resolved the outstanding question about scope.,Y,,100250,SKU-2195,,105609,Liam Nguyen
100457,Job,108119,priya.ivanov@sampleco.test,Chen Mensah,2022-11-07 22:35:00,marco.vance@sampleco.test,Jamie Garcia,2024-09-15 03:38:00,fatima.sloan@acme-fake.test,Chen Brooks,2025-12-14 19:54:00,,,,Y,Nina Rossi,Diego Sloan,100732,Gamma,100739,Resolved the outstanding question about scope.,N,,100158,REF-4401,,106637,Omar Sloan
100770,Job,108122,casey.ashby@acme-fake.test,Marco Blake,2023-10-09 11:02:00,marco.dorsey@acme-fake.test,Sofia Rossi,2023-05-07 23:18:00,nina.brooks@examplecorp.test,Emerson Ivanov,2022-12-04 17:44:00,,,,Y,Avery Blake,Omar Garcia,100481,Standard,100613,Shared the updated proposal for review.,N,,100694,LOT-6463,,105808,Jordan Ivanov
100759,Job,108123,priya.sato@demomail.test,Quinn Mercer,2024-11-17 03:05:00,aisha.okafor@acme-fake.test,Nina Ashby,2023-12-12 05:08:00,alex.calder@sampleco.test,Riley Blake,2024-09-15 16:39:00,,,,N,Liam Calder,Aisha Ashby,100269,Alpha,100352,Scheduled a check-in for the coming month.,N,,100574,LOT-9482,,104883,Rahul Dorsey
100200,Job,108124,fatima.haddad@demomail.test,Quinn Dorsey,2024-10-27 12:46:00,rowan.ford@demomail.test,Quinn Ivanov,2025-06-29 23:00:00,sofia.sloan@demomail.test,Rowan Calder,2023-07-12 20:53:00,,,,Y,Alex Okafor,Aisha Sato,100686,Alpha,100291,,Y,,100558,SKU-5248,,106094,Priya Ford
100281,Job,108127,fatima.larsson@acme-fake.test,Noah Blake,2025-11-14 05:58:00,emerson.brooks@examplecorp.test,Diego Calder,2025-01-23 00:38:00,riley.haddad@sampleco.test,Reese Calder,2024-02-06 14:25:00,,,,N,Emerson Sloan,Noah Ashby,100226,Standard,100232,,N,,100661,SKU-3467,,,Sofia Haddad
100441,Job,108130,arjun.mercer@acme-fake.test,Morgan Okafor,2024-03-22 21:55:00,arjun.costa@examplecorp.test,Yara Ashby,2024-05-13 14:17:00,noah.haddad@sampleco.test,Jordan Haddad,2026-05-10 19:20:00,,,,Y,Jordan Reyes,Liam Haddad,100714,Delta,100242,Resolved the outstanding question about scope.,Y,,100054,LOT-2544,,105019,Priya Calder
100383,Job,108131,avery.reyes@sampleco.test,Rowan Blake,2024-03-13 09:44:00,diego.vance@acme-fake.test,Emerson Mensah,2022-12-10 21:38:00,emerson.garcia@demomail.test,Liam Garcia,2024-12-06 08:55:00,,,,N,Noah Sato,Reese Kim,100656,Gamma,100157,,Y,,100648,LOT-8963,,105863,Omar Rossi
100183,Job,108134,omar.mensah@sampleco.test,Yara Kim,2024-02-20 11:09:00,liam.okafor@sampleco.test,Quinn Haddad,2025-04-20 12:42:00,taylor.mercer@acme-fake.test,Rowan Nguyen,2022-10-09 23:13:00,,,,N,Yara Mercer,Morgan Silva,100096,Beta,100305,,Y,,100350,REF-8374,,,Alex Whitfield
100410,Job,108137,rowan.mensah@demomail.test,Morgan Garcia,2023-09-02 05:32:00,skyler.larsson@sampleco.test,Reese Nguyen,2025-05-04 18:58:00,nina.ford@examplecorp.test,Elena Silva,2025-01-29 06:40:00,,,,N,Quinn Cohen,Jamie Patel,100503,Alpha,100454,Noted a concern to revisit at the next sync.,N,,,TAG-2472,,105984,Taylor Kim
100496,Job,108138,chen.sato@examplecorp.test,Reese Larsson,2023-10-10 17:19:00,jordan.haddad@sampleco.test,Casey Reyes,2025-02-19 07:33:00,jordan.patel@examplecorp.test,Priya Mensah,2023-06-24 17:05:00,,,,N,Arjun Ivanov,Priya Brooks,100371,Delta,100405,,N,,,TAG-8942,,106234,Mei Haddad
100732,Job,108141,noah.ford@examplecorp.test,Morgan Garcia,2024-02-12 06:45:00,rowan.blake@demomail.test,Elena Larsson,2025-08-16 02:04:00,fatima.larsson@examplecorp.test,Diego Vance,2023-08-31 19:28:00,,,,Y,Marco Haddad,Sofia Mercer,100106,Alpha,100345,Noted a concern to revisit at the next sync.,N,,100751,TAG-8551,,,Reese Sato
100231,Job,108144,fatima.patel@examplecorp.test,Jamie Larsson,2026-03-03 12:19:00,sofia.larsson@acme-fake.test,Jordan Okafor,2026-03-18 03:33:00,emerson.blake@examplecorp.test,Arjun Brooks,2025-01-12 06:28:00,,,,N,Nina Whitfield,Aisha Blake,100121,Delta,100264,,Y,,100604,SKU-7317,,105228,Sofia Ashby
100042,Job,108147,chen.ashby@acme-fake.test,Skyler Ford,2024-08-09 22:18:00,diego.blake@sampleco.test,Priya Calder,2024-05-18 02:52:00,arjun.whitfield@sampleco.test,Priya Blake,2026-03-09 12:17:00,,,,Y,Yara Sato,Quinn Whitfield,100465,Gamma,100490,,N,,,SKU-2392,,,Yara Okafor
100311,Job,108148,jordan.ford@sampleco.test,Noah Cohen,2022-11-19 01:34:00,marco.vance@examplecorp.test,Fatima Vance,2024-02-20 15:07:00,fatima.ivanov@sampleco.test,Jordan Ashby,2025-07-01 00:45:00,,,,N,Skyler Larsson,Liam Reyes,100635,Delta,100756,,N,,100436,TAG-2356,,105197,Alex Sato
100359,Job,108151,omar.ashby@examplecorp.test,Fatima Rossi,2024-01-28 07:53:00,noah.okafor@acme-fake.test,Taylor Patel,2025-05-07 04:40:00,riley.sato@acme-fake.test,Aisha Ashby,2023-08-13 17:47:00,,,,Y,Liam Ivanov,Taylor Mercer,100436,Other,100775,,N,,,LOT-8746,,105907,Reese Okafor
100083,Job,108153,liam.ashby@sampleco.test,Diego Brooks,2026-04-24 19:55:00,chen.costa@demomail.test,Aisha Cohen,2024-03-17 07:17:00,riley.kim@demomail.test,Skyler Sato,2026-01-18 23:53:00,,,,Y,Priya Calder,Rahul Ivanov,100005,Other,100552,Discussed timeline and next steps with the account.,N,,,LOT-9954,,,
100467,Job,108155,rowan.cohen@sampleco.test,Emerson Blake,2024-04-23 05:07:00,noah.mensah@sampleco.test,Sofia Calder,2026-06-07 06:48:00,omar.brooks@sampleco.test,Morgan Mercer,2023-10-12 08:05:00,,,,Y,Liam Kim,Riley Kim,100152,Other,100552,,N,,100779,LOT-7416,,,Morgan Calder
100086,Job,108157,aisha.nguyen@examplecorp.test,Sofia Rossi,2023-04-30 19:11:00,priya.larsson@demomail.test,Aisha Mensah,2025-09-16 17:44:00,avery.blake@examplecorp.test,Arjun Costa,2025-10-20 03:22:00,,,,N,Morgan Rossi,Liam Ivanov,100704,Beta,100765,,Y,,100512,LOT-1984,,105502,Mei Haddad
100741,Job,108158,jamie.okafor@demomail.test,Avery Patel,2024-04-13 06:11:00,alex.mensah@examplecorp.test,Emerson Vance,2026-07-28 14:14:00,jamie.vance@examplecorp.test,Mei Sloan,2026-04-01 19:20:00,,,,Y,Drew Ivanov,Rowan Dorsey,100133,Alpha,100092,Discussed timeline and next steps with the account.,N,,,TAG-8069,,106667,Noah Calder
100415,Job,108159,yara.calder@examplecorp.test,Omar Silva,2026-03-24 12:34:00,skyler.sloan@demomail.test,Fatima Vance,2024-03-04 20:39:00,riley.whitfield@demomail.test,Diego Mensah,2025-03-04 06:44:00,,,,N,Fatima Sloan,Arjun Garcia,100404,Beta,100253,Resolved the outstanding question about scope.,N,,,REF-2627,,106327,Rowan Mercer
100790,Job,108162,arjun.calder@acme-fake.test,Priya Rossi,2025-04-15 02:26:00,alex.nguyen@sampleco.test,Reese Kim,2026-03-10 07:44:00,aisha.garcia@examplecorp.test,Reese Kim,2022-10-23 08:30:00,,,,N,Casey Blake,Rahul Sato,100702,Gamma,100661,Resolved the outstanding question about scope.,N,,100295,LOT-7318,,106112,Mei Rossi
100349,Job,108164,diego.mercer@acme-fake.test,Diego Reyes,2026-01-20 12:25:00,nina.blake@demomail.test,Chen Nguyen,2025-04-16 14:53:00,mei.rossi@examplecorp.test,Alex Cohen,2025-10-15 03:00:00,,,,N,Arjun Nguyen,Quinn Mercer,100125,Alpha,100462,,Y,,,REF-7127,,,Omar Calder
100317,Job,108165,quinn.cohen@demomail.test,Chen Nguyen,2023-03-10 16:26:00,yara.brooks@demomail.test,Marco Reyes,2024-12-03 09:55:00,nina.costa@demomail.test,Diego Mercer,2025-03-18 14:45:00,,,,Y,Emerson Ford,Skyler Ford,100585,Alpha,100770,Shared the updated proposal for review.,N,,100478,LOT-3982,,,Yara Rossi
100555,Job,108168,noah.calder@acme-fake.test,Sofia Reyes,2024-01-09 14:35:00,sofia.calder@examplecorp.test,Avery Blake,2026-03-19 15:48:00,chen.calder@sampleco.test,Chen Brooks,2023-04-11 15:15:00,,,,Y,Sofia Silva,Riley Kim,100204,Delta,100359,Discussed timeline and next steps with the account.,Y,,100548,REF-5403,,106102,Sofia Costa
100528,Job,108169,fatima.brooks@acme-fake.test,Jamie Ivanov,2023-01-27 12:45:00,yara.silva@demomail.test,Aisha Dorsey,2024-06-08 11:58:00,liam.ivanov@sampleco.test,Elena Rossi,2024-08-29 17:07:00,,,,Y,Riley Reyes,Chen Reyes,100434,Standard,100149,,Y,,,TAG-2519,,,Rowan Nguyen
100428,Job,108170,omar.ford@sampleco.test,Reese Kim,2026-03-05 16:35:00,mei.mercer@sampleco.test,Aisha Whitfield,2023-04-15 03:36:00,mei.rossi@examplecorp.test,Avery Ivanov,2022-12-18 23:55:00,,,,Y,Arjun Dorsey,Alex Costa,100317,Beta,100710,,Y,,,LOT-1085,,105010,Yara Sloan
100295,Job,108171,marco.silva@acme-fake.test,Noah Sloan,2022-12-22 15:56:00,aisha.ford@acme-fake.test,Casey Ford,2022-12-06 18:56:00,chen.ford@examplecorp.test,Quinn Mercer,2023-04-07 08:46:00,,,,Y,Reese Whitfield,Aisha Sato,100669,Alpha,100273,,Y,,100768,TAG-6360,,,Skyler Cohen
100106,Job,108172,skyler.calder@acme-fake.test,Noah Blake,2024-05-06 22:01:00,nina.dorsey@demomail.test,Emerson Calder,2026-01-22 08:40:00,marco.mensah@examplecorp.test,Riley Ford,2024-09-04 20:04:00,,,,N,Marco Reyes,Drew Whitfield,100232,Other,100386,,Y,,,TAG-3007,,106320,Taylor Larsson
100421,Job,108173,alex.sato@demomail.test,Rowan Silva,2022-10-11 08:21:00,rahul.haddad@sampleco.test,Marco Whitfield,2025-05-20 11:57:00,morgan.kim@demomail.test,Emerson Sato,2023-01-04 13:12:00,,,,Y,Sofia Vance,Jordan Sato,100320,Standard,100332,,N,,100348,LOT-8336,,,Drew Mercer
100495,Job,108174,yara.cohen@acme-fake.test,Sofia Costa,2023-04-26 21:40:00,jordan.reyes@acme-fake.test,Morgan Larsson,2024-04-01 11:17:00,drew.dorsey@acme-fake.test,Drew Blake,2026-06-17 19:58:00,,,,Y,Avery Rossi,Reese Patel,100694,Delta,100651,,Y,,100468,TAG-4907,,105605,Marco Ashby
100232,Job,108176,fatima.okafor@examplecorp.test,Marco Mensah,2023-08-11 19:23:00,rowan.garcia@acme-fake.test,Priya Vance,2025-05-29 23:44:00,drew.larsson@acme-fake.test,Sofia Silva,2025-01-01 05:25:00,,,,N,Chen Dorsey,Yara Reyes,100366,Standard,100271,,Y,,100188,LOT-4868,,,Priya Ashby
100047,Job,108179,jordan.whitfield@examplecorp.test,Mei Whitfield,2023-10-11 02:56:00,reese.costa@demomail.test,Alex Haddad,2025-02-26 18:41:00,morgan.larsson@demomail.test,Elena Garcia,2023-06-13 21:24:00,,,,N,Casey Sato,Fatima Dorsey,100568,Other,100178,Discussed timeline and next steps with the account.,N,Standard,,TAG-4156,,105113,Liam Mercer
100221,Job,108180,rahul.whitfield@sampleco.test,Diego Sloan,2025-05-20 04:05:00,morgan.kim@examplecorp.test,Nina Sloan,2024-12-01 07:13:00,aisha.mercer@examplecorp.test,Jordan Ivanov,2024-11-10 05:33:00,,,,N,Elena Mercer,Mei Cohen,100366,Other,100371,Reviewed performance and gathered feedback.,N,,,LOT-5037,,,Avery Vance
100317,Job,108181,liam.blake@acme-fake.test,Nina Costa,2023-11-17 11:24:00,riley.nguyen@sampleco.test,Rahul Okafor,2025-04-02 08:25:00,arjun.whitfield@sampleco.test,Marco Kim,2024-07-12 17:46:00,,,,N,Rahul Garcia,Mei Cohen,100147,Gamma,100432,,Y,,100758,LOT-5809,,,Mei Ashby
100054,Job,108184,jordan.patel@demomail.test,Reese Larsson,2023-12-23 11:16:00,rahul.larsson@acme-fake.test,Omar Nguyen,2025-08-06 12:41:00,diego.reyes@acme-fake.test,Nina Rossi,2024-11-03 18:33:00,,,,N,Nina Vance,Rowan Cohen,100688,Delta,100568,,N,,100314,REF-3652,,105296,Priya Ivanov
100156,Job,108187,rahul.kim@demomail.test,Jamie Sloan,2026-05-04 01:48:00,liam.brooks@demomail.test,Mei Nguyen,2023-08-19 06:49:00,taylor.blake@examplecorp.test,Quinn Larsson,2026-05-02 06:55:00,,,,Y,Skyler Cohen,Casey Okafor,100128,Delta,100117,,Y,,,LOT-5076,,,Marco Cohen
100071,Job,108190,priya.ashby@sampleco.test,Liam Cohen,2024-06-17 19:20:00,arjun.vance@examplecorp.test,Drew Garcia,2025-11-05 04:50:00,alex.calder@examplecorp.test,Fatima Kim,2024-05-12 02:48:00,,,,N,Jordan Garcia,Taylor Vance,100572,Beta,100303,,N,,100375,SKU-2922,,,Drew Larsson
100481,Job,108191,omar.larsson@acme-fake.test,Arjun Cohen,2022-10-12 13:17:00,casey.haddad@acme-fake.test,Jamie Ivanov,2024-12-08 10:25:00,emerson.larsson@acme-fake.test,Chen Ford,2025-05-04 17:42:00,,,,Y,Riley Patel,Alex Brooks,100062,Alpha,100582,,Y,,,TAG-1213,,,Fatima Sloan
100092,Job,108192,taylor.mercer@sampleco.test,Elena Reyes,2025-12-22 19:25:00,skyler.sloan@demomail.test,Priya Sloan,2023-08-30 11:02:00,marco.dorsey@acme-fake.test,Casey Blake,2025-06-14 14:22:00,,,,Y,Yara Mercer,Rowan Ford,100478,Gamma,100038,Discussed timeline and next steps with the account.,N,,100481,LOT-9641,,104982,Riley Haddad
100378,Job,108195,yara.silva@demomail.test,Quinn Larsson,2025-07-22 17:45:00,priya.whitfield@sampleco.test,Skyler Kim,2025-07-25 20:12:00,priya.larsson@sampleco.test,Liam Blake,2024-12-25 13:36:00,,,,N,Alex Dorsey,Priya Mensah,100445,Gamma,100050,,N,,,SKU-8888,,105789,Alex Mercer
100647,Job,108198,drew.rossi@sampleco.test,Fatima Blake,2025-07-21 17:30:00,diego.rossi@demomail.test,Jamie Calder,2022-11-19 11:24:00,skyler.nguyen@examplecorp.test,Jordan Sloan,2025-03-24 07:09:00,,,,Y,Liam Haddad,Noah Blake,100062,Standard,100661,,N,,,REF-3972,,,Casey Costa
100688,Job,108199,aisha.rossi@acme-fake.test,Reese Okafor,2024-08-05 07:47:00,elena.costa@acme-fake.test,Chen Okafor,2024-10-26 13:35:00,quinn.garcia@acme-fake.test,Morgan Larsson,2022-12-27 14:54:00,,,,N,Mei Kim,Fatima Brooks,100205,Standard,100570,,Y,,,TAG-8496,,105258,Diego Blake
100768,Job,108201,jordan.silva@sampleco.test,Riley Silva,2025-09-30 22:40:00,diego.larsson@examplecorp.test,Elena Nguyen,2025-12-08 02:17:00,marco.mensah@examplecorp.test,Nina Whitfield,2025-04-27 13:08:00,,,,N,Reese Haddad,Noah Silva,100145,Other,100314,Noted a concern to revisit at the next sync.,N,,,TAG-3060,,106109,Casey Brooks
100606,Job,108203,mei.dorsey@demomail.test,Jordan Vance,2024-11-30 13:44:00,alex.sato@sampleco.test,Noah Ivanov,2026-03-25 17:39:00,elena.nguyen@sampleco.test,Mei Brooks,2025-05-09 20:14:00,,,,Y,Reese Ivanov,Liam Blake,100054,Delta,100601,,Y,,100239,LOT-5569,,,Elena Vance
100782,Job,108204,omar.nguyen@examplecorp.test,Emerson Ivanov,2024-03-12 23:10:00,riley.brooks@sampleco.test,Chen Blake,2024-06-28 04:36:00,aisha.ford@sampleco.test,Chen Sato,2025-12-17 03:38:00,,,,Y,Mei Blake,Liam Nguyen,100260,Standard,100629,Followed up on the open items from last week.,Y,,100246,TAG-9223,,,Chen Brooks
100133,Job,108205,reese.nguyen@demomail.test,Jamie Haddad,2025-04-15 15:42:00,yara.garcia@acme-fake.test,Skyler Rossi,2023-05-23 04:12:00,jamie.blake@examplecorp.test,Fatima Ashby,2023-03-14 06:13:00,,,,Y,Jamie Okafor,Skyler Kim,100134,Delta,100619,Shared the updated proposal for review.,Y,,100094,LOT-8779,,,Jordan Garcia
100405,Job,108208,yara.cohen@acme-fake.test,Jamie Larsson,2024-12-19 08:29:00,jamie.blake@acme-fake.test,Riley Costa,2024-11-27 07:39:00,taylor.blake@acme-fake.test,Priya Cohen,2024-07-28 14:17:00,,,,Y,Chen Okafor,Arjun Patel,100182,Beta,100019,,Y,,,TAG-3951,,,
100315,Job,108209,emerson.sloan@acme-fake.test,Avery Calder,2025-05-19 23:57:00,sofia.okafor@acme-fake.test,Aisha Ivanov,2025-02-26 13:49:00,jamie.haddad@acme-fake.test,Fatima Dorsey,2024-06-28 02:05:00,,,,N,Omar Calder,Rahul Brooks,100407,Gamma,100593,,N,,,TAG-5876,,,Aisha Cohen
100371,Job,108212,sofia.ashby@sampleco.test,Yara Sloan,2024-04-24 04:05:00,marco.nguyen@demomail.test,Diego Larsson,2023-08-23 17:37:00,mei.brooks@acme-fake.test,Reese Cohen,2023-12-07 11:26:00,,,,N,Diego Brooks,Rowan Silva,100572,Other,100214,,N,,100403,SKU-5429,,105468,Elena Haddad
100393,Job,108215,jamie.silva@sampleco.test,Yara Ashby,2024-04-29 02:45:00,elena.larsson@acme-fake.test,Rahul Brooks,2024-11-07 08:05:00,casey.mensah@sampleco.test,Alex Blake,2023-08-18 04:37:00,,,,Y,Skyler Blake,Drew Rossi,100446,Delta,100569,Aligned on billing and renewal terms.,Y,,,SKU-1702,,,Taylor Patel
100496,Job,108218,priya.reyes@acme-fake.test,Rahul Reyes,2022-12-03 11:35:00,aisha.garcia@examplecorp.test,Sofia Sloan,2026-03-18 16:28:00,avery.whitfield@sampleco.test,Alex Cohen,2025-08-10 10:33:00,,,,N,Chen Okafor,Alex Haddad,100751,Standard,100407,,N,,,TAG-8738,,106042,Rahul Mensah
100400,Job,108219,priya.whitfield@examplecorp.test,Diego Ivanov,2026-07-31 13:02:00,priya.vance@demomail.test,Elena Sato,2026-01-03 20:16:00,casey.patel@sampleco.test,Riley Ivanov,2025-03-16 21:59:00,,,,N,Quinn Rossi,Reese Rossi,100582,Gamma,100578,Scheduled a check-in for the coming month.,N,,100217,TAG-1517,,105704,Marco Patel
100291,Job,108220,reese.mercer@demomail.test,Jordan Mercer,2023-05-02 04:40:00,rahul.haddad@sampleco.test,Riley Haddad,2024-09-16 13:42:00,priya.blake@sampleco.test,Reese Cohen,2024-07-27 18:00:00,,,,Y,Nina Ivanov,Sofia Ford,100152,Gamma,100457,Followed up on the open items from last week.,N,,100466,SKU-9301,,106030,Jamie Okafor
100219,Job,108223,aisha.mercer@demomail.test,Jordan Sloan,2024-09-16 04:48:00,quinn.sato@sampleco.test,Riley Cohen,2023-11-27 03:39:00,marco.dorsey@acme-fake.test,Rahul Silva,2026-06-18 00:33:00,,,,Y,Arjun Reyes,Riley Haddad,100299,Delta,100686,,Y,,,LOT-6612,,,Noah Calder
100652,Job,108225,rowan.silva@acme-fake.test,Avery Costa,2024-09-08 19:15:00,omar.silva@demomail.test,Reese Calder,2025-02-26 03:48:00,liam.ashby@demomail.test,Mei Brooks,2023-09-21 02:59:00,,,,N,Elena Nguyen,Yara Dorsey,100284,Standard,100031,,Y,,100608,SKU-4074,,106317,Fatima Ivanov
100640,Job,108227,priya.dorsey@examplecorp.test,Quinn Dorsey,2026-01-01 07:48:00,yara.brooks@examplecorp.test,Marco Brooks,2025-12-24 08:12:00,mei.blake@acme-fake.test,Drew Sloan,2023-02-14 16:56:00,,,,N,Sofia Larsson,Mei Costa,100386,Alpha,100112,,N,,100418,TAG-2263,,105483,Drew Patel
100182,Job,108230,noah.sato@demomail.test,Emerson Mercer,2023-09-22 23:44:00,morgan.sloan@examplecorp.test,Priya Costa,2023-05-04 15:26:00,nina.whitfield@sampleco.test,Mei Cohen,2026-03-26 02:51:00,,,,Y,Riley Silva,Quinn Silva,100635,Alpha,100475,,N,,,TAG-6111,,,Rowan Whitfield
100525,Job,108233,aisha.rossi@demomail.test,Elena Mensah,2024-05-25 22:17:00,rahul.haddad@acme-fake.test,Priya Vance,2024-06-29 12:07:00,reese.larsson@acme-fake.test,Taylor Kim,2026-03-04 19:49:00,,,,N,Omar Blake,Aisha Cohen,100525,Standard,100121,,Y,,100730,REF-5448,,,Nina Blake
100667,Job,108235,liam.larsson@examplecorp.test,Noah Dorsey,2023-06-11 08:00:00,reese.costa@acme-fake.test,Riley Silva,2023-10-19 21:17:00,aisha.haddad@acme-fake.test,Alex Larsson,2025-06-30 06:59:00,,,,Y,Diego Ford,Riley Sato,100007,Beta,100208,,N,,,TAG-2029,,105536,Chen Mercer
100117,Job,108237,liam.okafor@acme-fake.test,Nina Ford,2025-07-06 10:33:00,rowan.vance@examplecorp.test,Jordan Mercer,2025-08-27 06:58:00,fatima.cohen@demomail.test,Rowan Patel,2025-12-14 04:33:00,,,,N,Drew Garcia,Emerson Ivanov,100345,Gamma,100043,,Y,,100336,REF-5821,,,Diego Sato
100694,Job,108238,taylor.mercer@demomail.test,Skyler Dorsey,2024-12-24 05:18:00,morgan.rossi@examplecorp.test,Avery Larsson,2025-04-29 13:53:00,arjun.sato@sampleco.test,Priya Costa,2024-03-05 01:50:00,,,,N,Jordan Blake,Diego Calder,100130,Delta,100106,Shared the updated proposal for review.,N,,,TAG-6717,,106451,Elena Haddad
100629,Job,108239,nina.calder@demomail.test,Alex Silva,2023-09-19 09:39:00,taylor.kim@acme-fake.test,Rowan Cohen,2024-10-08 05:13:00,morgan.patel@examplecorp.test,Fatima Vance,2025-03-11 16:51:00,,,,N,Marco Patel,Drew Sato,100260,Beta,100487,Scheduled a check-in for the coming month.,Y,,100065,TAG-2812,,105808,Marco Ivanov
100750,Job,108241,reese.dorsey@acme-fake.test,Mei Silva,2023-05-07 01:52:00,nina.nguyen@examplecorp.test,Liam Ford,2023-02-17 10:18:00,skyler.okafor@acme-fake.test,Skyler Nguyen,2026-06-10 20:28:00,,,,N,Taylor Garcia,Chen Brooks,100035,Delta,100062,Scheduled a check-in for the coming month.,Y,,100178,TAG-2459,,106382,Yara Ashby
100322,Job,108243,alex.mercer@examplecorp.test,Drew Okafor,2026-01-03 09:05:00,arjun.okafor@examplecorp.test,Morgan Rossi,2026-05-14 08:52:00,chen.dorsey@demomail.test,Fatima Whitfield,2025-10-04 05:36:00,,,,Y,Liam Vance,Jordan Ivanov,100348,Alpha,100009,Discussed timeline and next steps with the account.,Y,,,TAG-9738,,106497,Noah Nguyen
100014,Job,108244,chen.kim@demomail.test,Quinn Dorsey,2023-04-05 02:07:00,noah.reyes@sampleco.test,Jamie Sloan,2024-04-19 15:51:00,mei.nguyen@acme-fake.test,Emerson Silva,2024-12-08 08:17:00,,,,N,Arjun Dorsey,Taylor Mensah,100182,Standard,100457,,Y,,,REF-2924,,,Fatima Whitfield
100671,Job,108245,chen.ford@examplecorp.test,Jamie Ford,2023-05-22 07:00:00,quinn.cohen@acme-fake.test,Rahul Ford,2025-01-28 16:01:00,riley.ashby@examplecorp.test,Casey Sato,2025-04-08 20:03:00,,,,Y,Taylor Patel,Riley Ashby,100707,Other,100311,Noted a concern to revisit at the next sync.,Y,,100678,SKU-9814,,106005,Omar Brooks
100507,Job,108248,rahul.costa@demomail.test,Yara Haddad,2024-04-10 23:58:00,fatima.sato@examplecorp.test,Chen Sloan,2023-06-21 17:20:00,chen.sloan@sampleco.test,Jamie Mensah,2024-09-11 06:29:00,,,,N,Jordan Costa,Jordan Costa,100697,Other,100071,,N,,,SKU-5755,,,Rahul Okafor
100168,Job,108251,sofia.larsson@demomail.test,Skyler Okafor,2025-03-27 07:03:00,taylor.ashby@acme-fake.test,Rowan Vance,2025-06-15 10:52:00,taylor.patel@demomail.test,Fatima Haddad,2023-11-27 05:57:00,,,,N,Riley Rossi,Riley Reyes,100761,Standard,100622,Resolved the outstanding question about scope.,Y,,,SKU-4732,,,Chen Okafor
100125,Job,108253,noah.ivanov@demomail.test,Emerson Whitfield,2025-09-27 00:52:00,liam.nguyen@examplecorp.test,Fatima Costa,2023-01-30 14:01:00,diego.haddad@acme-fake.test,Taylor Ford,2025-07-01 00:03:00,,,,Y,Omar Mercer,Rahul Brooks,100495,Gamma,100177,,N,,100481,TAG-4255,,,Yara Costa
100561,Job,108256,quinn.okafor@demomail.test,Rowan Mensah,2025-08-04 14:45:00,morgan.whitfield@demomail.test,Quinn Costa,2024-04-06 12:52:00,mei.larsson@examplecorp.test,Jamie Ashby,2025-04-13 08:29:00,,,,N,Rahul Ivanov,Quinn Silva,100664,Gamma,100094,,N,,,REF-6806,,,Omar Ford
100660,Job,108259,elena.okafor@acme-fake.test,Priya Mercer,2025-02-27 14:56:00,fatima.brooks@demomail.test,Aisha Sloan,2025-05-17 01:46:00,chen.nguyen@acme-fake.test,Chen Whitfield,2024-07-30 17:25:00,,,,N,Yara Ivanov,Rowan Whitfield,100201,Gamma,100263,,N,,100714,REF-1479,,105167,Casey Sato
100425,Job,108260,yara.ivanov@acme-fake.test,Jamie Sato,2026-03-24 11:59:00,omar.mensah@demomail.test,Rahul Garcia,2024-05-14 04:11:00,quinn.whitfield@demomail.test,Marco Sato,2026-02-11 10:32:00,,,,N,Chen Mensah,Yara Larsson,100438,Alpha,100286,Shared the updated proposal for review.,N,,100112,REF-6553,,104892,Liam Okafor
100403,Job,108263,nina.ivanov@demomail.test,Priya Reyes,2024-01-14 00:49:00,fatima.blake@sampleco.test,Riley Haddad,2024-05-04 15:25:00,mei.nguyen@acme-fake.test,Quinn Garcia,2026-06-26 19:35:00,,,,Y,Emerson Kim,Quinn Vance,100784,Alpha,100606,,Y,,100770,LOT-3199,,,Jamie Rossi
100425,Job,108266,drew.garcia@demomail.test,Liam Blake,2025-08-31 07:49:00,drew.garcia@demomail.test,Riley Nguyen,2024-04-15 08:01:00,chen.blake@demomail.test,Reese Calder,2024-03-29 21:30:00,,,,N,Sofia Blake,Marco Ivanov,100224,Beta,100371,,Y,,100525,SKU-5817,,,Omar Reyes
100076,Job,108267,alex.dorsey@demomail.test,Reese Mensah,2024-05-04 22:23:00,noah.brooks@examplecorp.test,Taylor Okafor,2024-08-27 00:24:00,aisha.blake@sampleco.test,Taylor Silva,2024-01-07 14:43:00,,,,Y,Arjun Nguyen,Nina Kim,100201,Other,100098,,Y,,,LOT-4036,,106068,Morgan Dorsey
100445,Job,108269,noah.blake@sampleco.test,Jamie Cohen,2026-03-08 13:45:00,casey.patel@sampleco.test,Noah Blake,2023-11-29 13:56:00,mei.haddad@demomail.test,Noah Whitfield,2025-06-26 09:03:00,,,,N,Rowan Ford,Chen Brooks,100405,Gamma,100174,,Y,,100058,LOT-9073,,105836,Priya Ford
100421,Job,108272,sofia.reyes@examplecorp.test,Noah Blake,2024-08-25 05:54:00,drew.blake@acme-fake.test,Emerson Garcia,2025-06-26 22:46:00,reese.cohen@demomail.test,Quinn Brooks,2023-08-08 00:50:00,,,,N,Sofia Whitfield,Noah Vance,100658,Gamma,100210,Noted a concern to revisit at the next sync.,N,,,REF-6802,,106112,Taylor Sloan
100242,Job,108275,nina.mercer@demomail.test,Mei Brooks,2026-04-15 09:33:00,diego.sato@sampleco.test,Alex Okafor,2024-09-07 23:50:00,aisha.kim@sampleco.test,Quinn Vance,2023-09-17 05:59:00,,,,N,Rowan Patel,Emerson Ashby,100046,Alpha,100611,,N,,100252,REF-1497,,105808,Arjun Silva
100330,Job,108278,jamie.cohen@demomail.test,Fatima Patel,2025-01-24 14:13:00,aisha.sloan@acme-fake.test,Diego Brooks,2023-11-14 01:35:00,yara.nguyen@examplecorp.test,Emerson Sloan,2025-05-21 08:37:00,,,,N,Riley Cohen,Fatima Rossi,100392,Alpha,100694,,N,,100157,TAG-1127,,,Skyler Patel
100050,Job,108279,arjun.ashby@examplecorp.test,Riley Reyes,2023-04-03 21:50:00,arjun.cohen@acme-fake.test,Rahul Blake,2023-10-11 18:18:00,yara.haddad@sampleco.test,Arjun Okafor,2023-08-18 03:50:00,,,,Y,Jamie Cohen,Casey Whitfield,100469,Delta,100559,Noted a concern to revisit at the next sync.,N,,,SKU-5073,,,Marco Haddad
100284,Job,108280,morgan.dorsey@examplecorp.test,Omar Mensah,2023-11-01 14:28:00,elena.costa@acme-fake.test,Chen Sloan,2023-05-06 21:53:00,liam.costa@acme-fake.test,Morgan Brooks,2024-06-14 17:03:00,,,,N,Liam Larsson,Jamie Vance,100599,Beta,100385,Reviewed performance and gathered feedback.,N,,100286,SKU-1577,,,Yara Mensah
100386,Job,108281,casey.mercer@demomail.test,Aisha Mensah,2023-01-03 08:56:00,fatima.haddad@sampleco.test,Riley Whitfield,2025-05-24 02:20:00,chen.sato@demomail.test,Aisha Ashby,2023-04-25 20:52:00,,,,N,Jamie Okafor,Priya Whitfield,100599,Beta,100156,Scheduled a check-in for the coming month.,Y,,100305,REF-3094,,105699,Liam Patel
100226,Job,108282,avery.patel@acme-fake.test,Diego Ivanov,2022-12-01 16:52:00,mei.patel@examplecorp.test,Morgan Whitfield,2026-03-26 06:46:00,casey.vance@examplecorp.test,Chen Larsson,2023-10-06 11:39:00,,,,N,Rowan Cohen,Rowan Sloan,100200,Beta,100498,,N,,100117,REF-6533,,106550,Skyler Mensah
100253,Job,108284,skyler.mercer@acme-fake.test,Avery Vance,2024-10-30 22:44:00,rowan.garcia@acme-fake.test,Quinn Larsson,2024-03-03 14:30:00,sofia.patel@examplecorp.test,Alex Ford,2025-05-25 09:23:00,,,,N,Sofia Sloan,Arjun Kim,100570,Gamma,100357,Shared the updated proposal for review.,Y,,100092,TAG-3350,,,Marco Cohen
100451,Job,108287,chen.blake@acme-fake.test,Skyler Reyes,2023-05-25 06:22:00,sofia.ashby@sampleco.test,Skyler Rossi,2022-10-02 14:02:00,aisha.brooks@sampleco.test,Taylor Mensah,2023-05-11 06:00:00,,,,Y,Mei Costa,Rahul Whitfield,100564,Alpha,100359,,N,,100361,TAG-5173,,,Riley Ivanov
100281,Job,108290,nina.haddad@examplecorp.test,Priya Vance,2023-05-14 13:11:00,omar.kim@examplecorp.test,Yara Vance,2026-02-21 11:58:00,alex.sato@examplecorp.test,Noah Garcia,2025-05-23 21:48:00,,,,Y,Riley Okafor,Nina Reyes,100038,Delta,100087,,Y,,,REF-8402,,105182,Sofia Reyes
100350,Job,108293,mei.garcia@examplecorp.test,Quinn Costa,2023-02-14 11:31:00,skyler.dorsey@examplecorp.test,Diego Dorsey,2023-05-18 05:33:00,sofia.dorsey@sampleco.test,Yara Haddad,2023-12-08 19:46:00,,,,N,Quinn Reyes,Diego Whitfield,100561,Alpha,100054,,Y,,100472,SKU-7683,,,Reese Ashby
100494,Job,108296,skyler.ashby@acme-fake.test,Omar Sloan,2023-02-27 17:38:00,sofia.reyes@examplecorp.test,Fatima Cohen,2023-05-29 12:24:00,alex.ivanov@examplecorp.test,Riley Mensah,2024-07-05 18:55:00,,,,Y,Nina Kim,Priya Dorsey,100707,Beta,100300,,N,,100106,SKU-7243,,106619,Fatima Sloan
100786,Job,108297,sofia.blake@sampleco.test,Morgan Dorsey,2023-06-12 16:22:00,riley.silva@examplecorp.test,Morgan Brooks,2024-02-13 09:00:00,jamie.mercer@acme-fake.test,Morgan Vance,2026-02-13 02:20:00,,,,N,Riley Sloan,Liam Rossi,100142,Standard,100551,,N,,,LOT-4153,,,Morgan Costa
100616,Job,108298,sofia.ashby@examplecorp.test,Yara Dorsey,2026-06-23 00:47:00,aisha.patel@acme-fake.test,Elena Haddad,2026-07-16 05:03:00,quinn.brooks@demomail.test,Taylor Sato,2026-06-07 07:40:00,,,,N,Drew Garcia,Morgan Costa,100232,Delta,100718,,N,,,REF-8997,,105434,Emerson Silva
100702,Job,108300,omar.nguyen@examplecorp.test,Rahul Kim,2025-12-29 05:24:00,quinn.ford@examplecorp.test,Skyler Reyes,2024-10-16 22:08:00,elena.patel@demomail.test,Sofia Ford,2025-01-29 19:28:00,,,,Y,Omar Calder,Drew Whitfield,100691,Delta,100267,,N,,100635,REF-3920,,105466,Omar Cohen
100277,Job,108303,noah.rossi@acme-fake.test,Rowan Dorsey,2025-01-26 02:56:00,sofia.sloan@demomail.test,Jordan Garcia,2023-07-14 19:51:00,aisha.costa@acme-fake.test,Avery Costa,2024-05-31 15:12:00,,,,Y,Sofia Ashby,Jordan Mensah,100314,Beta,100359,,N,,,SKU-8238,,104948,Drew Dorsey
100050,Job,108304,rowan.ford@demomail.test,Fatima Ivanov,2024-02-11 14:43:00,skyler.nguyen@acme-fake.test,Emerson Brooks,2023-03-18 20:13:00,omar.costa@examplecorp.test,Marco Okafor,2025-05-15 17:39:00,,,,Y,Nina Mensah,Marco Cohen,100418,Beta,100525,,Y,,100247,TAG-3938,,105683,Jamie Sloan
100215,Job,108306,jamie.reyes@demomail.test,Morgan Patel,2023-09-25 21:50:00,avery.haddad@acme-fake.test,Skyler Sloan,2026-06-22 03:31:00,sofia.cohen@acme-fake.test,Taylor Garcia,2024-01-18 11:37:00,,,,Y,Reese Silva,Fatima Blake,100139,Beta,100077,Followed up on the open items from last week.,N,,100201,LOT-4033,,,Priya Calder
100130,Job,108307,yara.ivanov@demomail.test,Jamie Mercer,2025-02-06 01:23:00,jordan.whitfield@sampleco.test,Yara Ford,2026-06-20 14:04:00,rowan.vance@acme-fake.test,Liam Whitfield,2022-10-10 07:29:00,,,,Y,Taylor Haddad,Jamie Vance,100130,Delta,100519,,N,,100133,LOT-9479,,105416,Liam Brooks
100624,Job,108309,reese.sato@sampleco.test,Mei Mensah,2026-03-29 00:04:00,reese.costa@acme-fake.test,Noah Nguyen,2025-06-17 23:19:00,noah.ford@sampleco.test,Riley Dorsey,2022-10-01 03:25:00,,,,N,Jordan Mercer,Noah Brooks,100466,Standard,100082,,Y,,,REF-9316,,105217,Reese Okafor
100193,Job,108311,priya.larsson@sampleco.test,Taylor Okafor,2025-07-03 10:44:00,morgan.ivanov@examplecorp.test,Arjun Calder,2025-05-11 07:18:00,elena.mercer@demomail.test,Priya Garcia,2023-02-05 01:33:00,,,,N,Arjun Rossi,Taylor Mensah,100743,Standard,100035,Aligned on billing and renewal terms.,N,,,REF-5149,,106335,Rahul Cohen
100741,Job,108314,elena.costa@examplecorp.test,Casey Reyes,2025-10-26 21:46:00,riley.brooks@examplecorp.test,Noah Nguyen,2022-12-04 18:04:00,jordan.dorsey@examplecorp.test,Morgan Patel,2024-09-08 13:40:00,,,,Y,Emerson Rossi,Avery Rossi,100355,Delta,100005,,N,,100545,TAG-9780,,,Jamie Patel
100005,Job,108317,elena.mensah@acme-fake.test,Morgan Mensah,2026-02-20 11:59:00,avery.patel@demomail.test,Nina Brooks,2023-06-02 12:33:00,alex.brooks@examplecorp.test,Aisha Dorsey,2024-06-23 17:11:00,,,,N,Noah Sloan,Nina Sato,100055,Delta,100399,,Y,,100340,TAG-8056,,105551,Mei Sloan
100016,Job,108319,nina.nguyen@acme-fake.test,Yara Ivanov,2024-04-25 20:19:00,skyler.kim@acme-fake.test,Emerson Kim,2024-07-30 21:43:00,fatima.whitfield@demomail.test,Avery Kim,2026-07-03 11:36:00,,,,N,Marco Sloan,Yara Patel,100604,Beta,100178,,N,,100446,LOT-3807,,,Noah Calder
100606,Job,108321,elena.cohen@sampleco.test,Omar Rossi,2024-08-24 17:00:00,quinn.dorsey@acme-fake.test,Jordan Patel,2026-07-06 11:06:00,aisha.calder@acme-fake.test,Sofia Mercer,2023-07-28 22:53:00,,,,Y,Aisha Mercer,Diego Larsson,100224,Alpha,100559,Shared the updated proposal for review.,N,,100487,SKU-3653,,,Sofia Ivanov
100578,Job,108324,yara.ashby@examplecorp.test,Marco Rossi,2026-03-09 18:09:00,alex.cohen@acme-fake.test,Sofia Haddad,2023-07-05 01:49:00,avery.kim@acme-fake.test,Nina Blake,2024-05-26 08:45:00,,,,Y,Yara Vance,Reese Ford,100003,Beta,100759,,Y,,100183,SKU-9740,,,Jordan Vance
100133,Job,108327,arjun.ford@acme-fake.test,Aisha Ashby,2023-05-12 03:02:00,rowan.vance@demomail.test,Priya Brooks,2024-03-17 22:02:00,emerson.okafor@acme-fake.test,Arjun Silva,2025-10-04 09:26:00,,,,N,Sofia Silva,Yara Calder,100410,Gamma,100784,Discussed timeline and next steps with the account.,Y,,,LOT-9292,,,Aisha Brooks
100784,Job,108328,casey.costa@acme-fake.test,Rahul Rossi,2025-10-19 02:18:00,yara.mercer@acme-fake.test,Alex Brooks,2025-02-12 17:15:00,drew.calder@sampleco.test,Aisha Rossi,2025-07-06 19:35:00,,,,N,Aisha Ivanov,Drew Mensah,100449,Gamma,100604,Noted a concern to revisit at the next sync.,Y,,100727,SKU-8324,,105938,
100554,Job,108331,taylor.garcia@sampleco.test,Avery Okafor,2024-05-10 06:08:00,fatima.mensah@sampleco.test,Riley Ivanov,2023-07-04 18:55:00,riley.calder@sampleco.test,Avery Larsson,2022-11-25 05:17:00,,,,N,Emerson Ford,Fatima Costa,100465,Delta,100470,,Y,,100178,SKU-4925,,,
100596,Job,108334,nina.larsson@sampleco.test,Alex Silva,2025-11-25 13:16:00,jordan.whitfield@sampleco.test,Sofia Larsson,2023-10-11 23:57:00,morgan.garcia@demomail.test,Reese Cohen,2024-10-08 20:25:00,,,,N,Taylor Sato,Priya Dorsey,100033,Beta,100775,,N,,100343,SKU-7869,,105997,Skyler Mensah
100548,Job,108336,riley.patel@acme-fake.test,Drew Silva,2023-12-22 11:30:00,fatima.whitfield@examplecorp.test,Priya Kim,2023-08-26 08:02:00,morgan.blake@demomail.test,Emerson Reyes,2023-07-13 16:32:00,,,,Y,Diego Whitfield,Elena Ashby,100658,Gamma,100380,,N,,,SKU-8746,,105429,Sofia Costa
100022,Job,108339,rowan.okafor@examplecorp.test,Fatima Brooks,2023-06-09 06:55:00,marco.mercer@demomail.test,Reese Whitfield,2023-03-16 01:42:00,morgan.blake@examplecorp.test,Rowan Mensah,2023-07-28 21:19:00,,,,Y,Arjun Ivanov,Priya Sloan,100441,Gamma,100134,,Y,,,SKU-9827,,,Jordan Garcia
100745,Job,108341,rowan.mensah@demomail.test,Jordan Costa,2024-06-08 01:32:00,reese.okafor@demomail.test,Emerson Costa,2025-08-16 03:14:00,liam.vance@demomail.test,Yara Sato,2023-09-22 20:40:00,,,,Y,Jordan Ashby,Priya Brooks,100012,Alpha,100638,,N,,100208,TAG-4254,,105109,Rahul Haddad
100387,Job,108343,reese.garcia@sampleco.test,Rowan Mercer,2024-01-05 19:53:00,marco.mensah@examplecorp.test,Casey Nguyen,2023-12-31 12:18:00,nina.mercer@demomail.test,Casey Blake,2023-09-28 15:13:00,,,,N,Noah Cohen,Mei Garcia,100109,Other,100031,,N,,,LOT-1746,,105422,Chen Ivanov
100448,Job,108346,fatima.ford@sampleco.test,Avery Haddad,2024-12-09 03:31:00,aisha.brooks@demomail.test,Drew Mercer,2023-12-29 21:06:00,reese.larsson@sampleco.test,Alex Calder,2023-04-16 12:37:00,,,,Y,Nina Brooks,Casey Ashby,100040,Standard,100201,,N,,100651,REF-7329,,,Liam Sato
100494,Job,108349,avery.haddad@sampleco.test,Marco Patel,2025-04-09 04:04:00,marco.garcia@demomail.test,Jordan Mercer,2023-08-19 22:23:00,marco.kim@examplecorp.test,Reese Ashby,2024-09-07 18:18:00,,,,Y,Drew Ivanov,Chen Dorsey,100660,Delta,100288,,Y,,100503,LOT-7197,,,Arjun Garcia
100165,Job,108350,jordan.sato@sampleco.test,Quinn Whitfield,2026-06-02 12:32:00,arjun.rossi@sampleco.test,Quinn Ivanov,2023-05-20 22:32:00,rowan.blake@demomail.test,Liam Haddad,2023-06-04 00:51:00,,,,Y,Jamie Whitfield,Aisha Nguyen,100178,Other,100418,,Y,,,SKU-5682,,,Alex Okafor
100453,Job,108351,priya.ashby@demomail.test,Rowan Rossi,2025-10-10 12:05:00,quinn.vance@examplecorp.test,Jamie Kim,2025-05-01 22:09:00,avery.ivanov@examplecorp.test,Rahul Reyes,2023-11-16 01:45:00,,,,Y,Emerson Haddad,Avery Kim,100046,Delta,100330,Noted a concern to revisit at the next sync.,Y,,100134,LOT-2328,,106497,Omar Brooks
100193,Job,108353,mei.silva@examplecorp.test,Reese Brooks,2026-03-09 05:05:00,chen.ford@demomail.test,Rowan Haddad,2024-10-07 09:42:00,nina.mensah@examplecorp.test,Rahul Dorsey,2023-05-14 04:03:00,,,,N,Riley Whitfield,Mei Vance,100669,Standard,100094,,N,,100340,SKU-5086,,105028,Alex Rossi
100224,Job,108355,casey.patel@demomail.test,Aisha Kim,2024-03-21 05:45:00,marco.larsson@sampleco.test,Reese Garcia,2022-10-16 14:10:00,taylor.blake@acme-fake.test,Reese Ashby,2025-02-10 19:13:00,,,,N,Yara Sloan,Liam Okafor,100194,Standard,100291,,Y,,100252,LOT-9873,,,Quinn Kim
100193,Job,108356,diego.ford@demomail.test,Sofia Mercer,2025-07-12 23:49:00,liam.garcia@demomail.test,Avery Okafor,2022-12-25 11:10:00,rahul.ivanov@demomail.test,Alex Vance,2023-07-07 20:10:00,,,,Y,Emerson Vance,Mei Okafor,100727,Standard,100296,,Y,,,REF-7496,,105370,Reese Kim
100696,Job,108357,mei.mercer@demomail.test,Marco Ashby,2025-02-13 20:52:00,drew.larsson@sampleco.test,Arjun Costa,2022-10-01 01:13:00,reese.costa@demomail.test,Jordan Haddad,2022-12-08 18:52:00,,,,N,Diego Mercer,Liam Haddad,100182,Delta,100658,,Y,,,LOT-8518,,106600,Marco Whitfield
100578,Job,108359,morgan.ashby@examplecorp.test,Liam Ashby,2026-05-11 23:09:00,omar.mercer@sampleco.test,Rahul Larsson,2024-08-01 09:42:00,avery.costa@examplecorp.test,Fatima Ford,2023-02-11 15:55:00,,,,Y,Skyler Kim,Omar Garcia,100352,Gamma,100743,,N,,100569,TAG-1899,,,Emerson Cohen
100087,Job,108360,aisha.kim@demomail.test,Aisha Okafor,2025-03-15 16:18:00,jordan.ivanov@demomail.test,Nina Silva,2024-08-29 10:30:00,morgan.cohen@acme-fake.test,Mei Mercer,2022-11-16 15:56:00,,,,N,Marco Nguyen,Reese Sloan,100031,Gamma,100047,,N,,,SKU-6073,,105309,Casey Whitfield
100172,Job,108363,mei.ivanov@examplecorp.test,Fatima Kim,2024-11-25 12:10:00,liam.patel@sampleco.test,Omar Ashby,2025-02-20 13:36:00,avery.rossi@demomail.test,Emerson Ashby,2025-09-09 15:02:00,,,,Y,Diego Ashby,Quinn Costa,100624,Other,100721,Resolved the outstanding question about scope.,Y,,100314,TAG-3342,,106551,Mei Sato
100086,Job,108364,alex.larsson@acme-fake.test,Yara Ford,2023-10-30 05:10:00,sofia.mercer@sampleco.test,Omar Vance,2025-08-04 16:14:00,rowan.ashby@demomail.test,Elena Reyes,2023-12-17 12:34:00,,,,N,Elena Ashby,Jamie Haddad,100638,Beta,100648,,N,,100257,SKU-6622,,105768,Skyler Ivanov
100047,Job,108365,omar.nguyen@acme-fake.test,Mei Patel,2023-12-17 06:34:00,mei.garcia@demomail.test,Sofia Larsson,2023-12-22 12:36:00,taylor.sato@acme-fake.test,Skyler Mercer,2023-04-03 11:06:00,,,,N,Rahul Whitfield,Chen Blake,100415,Standard,100672,,N,,,REF-9760,,105498,Riley Kim
100233,Job,108367,marco.mercer@sampleco.test,Avery Patel,2026-01-20 08:37:00,elena.silva@demomail.test,Jordan Dorsey,2024-04-05 19:37:00,rowan.nguyen@sampleco.test,Arjun Kim,2023-02-08 00:24:00,,,,Y,Quinn Cohen,Sofia Kim,100348,Other,100077,,N,,100393,TAG-6239,,106499,Elena Brooks
100608,Job,108370,mei.whitfield@demomail.test,Sofia Larsson,2026-02-02 10:46:00,alex.mercer@acme-fake.test,Emerson Brooks,2022-11-10 23:06:00,casey.dorsey@demomail.test,Aisha Blake,2024-05-09 22:39:00,,,,Y,Skyler Costa,Drew Mensah,100460,Delta,100250,Resolved the outstanding question about scope.,N,,,REF-1111,,106061,Noah Mensah
100043,Job,108372,liam.brooks@demomail.test,Sofia Ivanov,2025-09-16 14:38:00,diego.rossi@sampleco.test,Omar Cohen,2024-06-03 21:09:00,noah.vance@acme-fake.test,Morgan Cohen,2024-09-26 21:32:00,,,,N,Riley Okafor,Yara Silva,100400,Alpha,100359,,Y,,,LOT-7309,,105222,Rahul Dorsey
100645,Job,108374,taylor.calder@examplecorp.test,Rahul Sloan,2024-12-25 23:56:00,omar.okafor@acme-fake.test,Quinn Blake,2025-12-27 10:10:00,riley.brooks@demomail.test,Emerson Costa,2023-04-14 17:28:00,,,,N,Jordan Ashby,Quinn Mercer,100142,Other,100242,,Y,,100284,REF-6167,,,Marco Blake
100311,Job,108375,yara.kim@examplecorp.test,Marco Mensah,2025-12-14 03:20:00,liam.kim@demomail.test,Omar Nguyen,2023-12-19 16:34:00,drew.ivanov@examplecorp.test,Arjun Nguyen,2025-02-25 06:47:00,,,,Y,Jordan Sato,Sofia Kim,100182,,100339,,Y,,100504,REF-1312,,105944,Chen Brooks
100787,Job,108377,avery.dorsey@sampleco.test,Liam Whitfield,2023-06-20 09:03:00,yara.costa@acme-fake.test,Liam Cohen,2025-10-25 09:45:00,quinn.ford@demomail.test,Marco Rossi,2022-12-11 17:40:00,,,,N,Alex Reyes,Casey Okafor,100528,Other,100566,,N,,100710,SKU-1616,,,Marco Whitfield
100554,Job,108379,emerson.cohen@examplecorp.test,Skyler Blake,2023-07-01 19:42:00,casey.sloan@acme-fake.test,Casey Okafor,2024-12-07 21:37:00,rahul.costa@examplecorp.test,Taylor Dorsey,2023-03-28 10:39:00,,,,N,Noah Okafor,Fatima Silva,100155,Delta,100634,Reviewed performance and gathered feedback.,Y,,,TAG-9327,,,Morgan Vance
100133,Job,108381,taylor.okafor@examplecorp.test,Chen Okafor,2023-10-16 01:25:00,quinn.ashby@demomail.test,Yara Nguyen,2024-01-21 01:11:00,avery.sato@demomail.test,Quinn Mensah,2025-12-29 03:09:00,,,,N,Casey Kim,Jamie Calder,100264,Standard,100221,,N,,100071,REF-4752,,106136,Skyler Rossi
100201,Job,108383,fatima.whitfield@demomail.test,Jordan Mercer,2023-03-14 02:58:00,jamie.mensah@acme-fake.test,Mei Ashby,2023-01-18 12:50:00,skyler.sato@sampleco.test,Omar Mensah,2023-05-19 01:59:00,,,,N,Nina Blake,Liam Sloan,100398,Other,100595,,N,,100724,SKU-7928,,105595,Marco Haddad
100092,Job,108385,chen.brooks@examplecorp.test,Riley Ashby,2025-02-21 19:30:00,arjun.vance@acme-fake.test,Rowan Sloan,2025-02-01 11:10:00,drew.brooks@sampleco.test,Liam Mercer,2025-04-25 01:21:00,,,,Y,Fatima Vance,Morgan Larsson,100371,Beta,100263,,N,,100252,SKU-4261,,105310,Reese Kim
100286,Job,108386,omar.sato@acme-fake.test,Sofia Vance,2026-05-10 22:13:00,emerson.nguyen@demomail.test,Liam Okafor,2023-05-26 11:25:00,sofia.larsson@demomail.test,Skyler Ashby,2026-05-02 17:05:00,,,,N,Mei Rossi,Skyler Blake,100244,Other,100305,Noted a concern to revisit at the next sync.,N,,,LOT-4134,,106243,Morgan Sloan
100784,Job,108389,rowan.silva@demomail.test,Riley Ashby,2024-10-31 21:00:00,chen.dorsey@acme-fake.test,Avery Mensah,2025-01-13 03:29:00,quinn.ford@acme-fake.test,Casey Dorsey,2024-12-08 07:41:00,,,,N,Nina Haddad,Jamie Okafor,100205,Delta,100399,,N,,100414,REF-2589,,,Yara Larsson
100579,Job,108391,yara.larsson@sampleco.test,Casey Ashby,2025-04-11 02:03:00,morgan.mercer@demomail.test,Sofia Vance,2023-05-28 02:03:00,riley.nguyen@examplecorp.test,Rahul Silva,2025-05-08 17:45:00,,,,N,Arjun Ivanov,Emerson Blake,100509,Standard,100139,,Y,,100786,REF-7680,,105129,Elena Cohen
100328,Job,108392,omar.vance@demomail.test,Rowan Mensah,2025-08-04 03:51:00,aisha.costa@examplecorp.test,Diego Costa,2023-09-01 02:07:00,casey.rossi@sampleco.test,Riley Ford,2025-11-02 02:19:00,,,,N,Omar Ford,Elena Garcia,100125,Alpha,100572,,Y,,100210,TAG-5085,,106159,Rahul Larsson
100632,Job,108395,elena.calder@examplecorp.test,Sofia Blake,2024-12-01 16:08:00,rowan.mercer@acme-fake.test,Priya Costa,2024-08-10 13:11:00,mei.nguyen@acme-fake.test,Jamie Whitfield,2023-03-14 09:59:00,,,,N,Jordan Nguyen,Drew Sato,100284,Standard,100498,,Y,,,REF-3571,,,Casey Sato
100236,Job,108397,quinn.cohen@examplecorp.test,Riley Larsson,2026-03-30 12:16:00,reese.vance@demomail.test,Reese Kim,2026-06-07 02:43:00,alex.haddad@examplecorp.test,Avery Brooks,2023-07-14 01:44:00,,,,N,Fatima Dorsey,Morgan Sato,100253,Other,100193,,N,,,TAG-7075,,,Avery Ivanov
100578,Job,108399,liam.silva@acme-fake.test,Mei Patel,2024-12-11 14:15:00,reese.rossi@sampleco.test,Rowan Silva,2025-02-05 05:24:00,drew.kim@examplecorp.test,Chen Larsson,2023-06-22 17:45:00,,,,N,Casey Reyes,Casey Mercer,100747,Standard,100247,Noted a concern to revisit at the next sync.,Y,,,TAG-9206,,,Fatima Garcia
100519,Job,108400,arjun.vance@sampleco.test,Diego Brooks,2025-02-28 13:29:00,drew.larsson@examplecorp.test,Jamie Whitfield,2023-10-09 08:15:00,omar.brooks@acme-fake.test,Riley Haddad,2025-02-28 19:01:00,,,,Y,Jamie Sloan,Riley Garcia,100645,Beta,100667,Reviewed performance and gathered feedback.,N,,100640,LOT-2778,,106200,Nina Silva
100775,Job,108402,jordan.dorsey@sampleco.test,Quinn Okafor,2024-12-23 20:24:00,mei.dorsey@acme-fake.test,Jamie Silva,2024-02-02 14:57:00,taylor.garcia@sampleco.test,Sofia Silva,2025-08-08 20:32:00,,,,N,Skyler Mensah,Fatima Silva,100425,Gamma,100650,Noted a concern to revisit at the next sync.,N,,,SKU-5565,,105896,Arjun Mensah
100496,Job,108403,elena.rossi@demomail.test,Marco Haddad,2024-06-15 14:18:00,emerson.calder@sampleco.test,Jamie Vance,2024-08-26 20:07:00,fatima.vance@examplecorp.test,Taylor Kim,2023-04-14 16:10:00,,,,N,Rahul Reyes,Rowan Haddad,100496,Beta,100246,Shared the updated proposal for review.,N,,100134,SKU-7560,,,Emerson Whitfield
100264,Job,108405,reese.vance@examplecorp.test,Casey Nguyen,2023-04-19 07:49:00,casey.rossi@demomail.test,Taylor Mercer,2023-10-09 10:30:00,omar.dorsey@acme-fake.test,Jamie Garcia,2024-10-19 02:50:00,,,,N,Noah Sloan,Diego Sato,100359,Alpha,100611,,N,,,TAG-5407,,105374,Skyler Sato
100535,Job,108408,nina.costa@acme-fake.test,Noah Ivanov,2024-08-03 20:44:00,nina.reyes@demomail.test,Rahul Kim,2024-04-12 02:59:00,sofia.dorsey@acme-fake.test,Arjun Calder,2022-10-24 16:51:00,,,,N,Avery Blake,Yara Ashby,100022,Standard,100062,,Y,,100153,TAG-7317,,106339,Omar Mensah
100635,Job,108410,rahul.brooks@sampleco.test,Chen Mercer,2025-12-02 22:16:00,emerson.mensah@acme-fake.test,Rowan Mercer,2024-12-13 08:53:00,yara.haddad@sampleco.test,Liam Haddad,2024-11-23 09:05:00,,,,Y,Yara Whitfield,Noah Calder,100375,Other,100398,Scheduled a check-in for the coming month.,Y,,,TAG-1130,,,Casey Cohen
100365,Job,108412,chen.ashby@demomail.test,Avery Sloan,2025-11-30 21:38:00,casey.sato@acme-fake.test,Skyler Nguyen,2026-05-11 18:53:00,marco.sloan@acme-fake.test,Nina Ashby,2023-04-11 03:19:00,,,,Y,Fatima Ashby,Nina Nguyen,100043,Beta,100458,,Y,,100281,LOT-3181,,106023,Reese Ford
100707,Job,108413,fatima.haddad@acme-fake.test,Riley Kim,2024-04-13 17:26:00,morgan.calder@sampleco.test,Sofia Calder,2026-04-09 19:59:00,alex.larsson@examplecorp.test,Reese Garcia,2023-09-25 08:58:00,,,,Y,Rowan Garcia,Noah Nguyen,100500,Other,100089,,N,,100117,REF-6743,,106084,Arjun Reyes
100421,Job,108415,skyler.blake@demomail.test,Noah Garcia,2023-01-04 05:17:00,aisha.garcia@demomail.test,Casey Mercer,2024-02-13 18:55:00,marco.haddad@demomail.test,Morgan Mercer,2025-11-13 09:19:00,,,,Y,Rahul Okafor,Elena Rossi,100288,Gamma,100016,Shared the updated proposal for review.,N,,,SKU-6868,,105901,Priya Okafor
100217,Job,108418,marco.okafor@sampleco.test,Noah Calder,2026-02-11 21:02:00,chen.ford@demomail.test,Drew Patel,2023-05-07 12:23:00,drew.haddad@sampleco.test,Casey Sloan,2024-10-04 00:02:00,,,,N,Rowan Whitfield,Elena Sloan,100471,Alpha,100348,,Y,,100758,REF-2950,,106439,Liam Mercer
100775,Job,108420,jordan.ashby@acme-fake.test,Aisha Nguyen,2025-09-21 18:39:00,drew.calder@acme-fake.test,Yara Larsson,2025-02-04 12:34:00,elena.silva@sampleco.test,Marco Cohen,2026-01-14 15:20:00,,,,N,Jamie Patel,Elena Cohen,100481,Gamma,100082,,Y,,100288,TAG-7327,,106331,Liam Haddad
100174,Job,108421,nina.sato@sampleco.test,Reese Mensah,2026-07-06 10:09:00,marco.patel@demomail.test,Nina Garcia,2024-11-03 23:51:00,morgan.patel@demomail.test,Drew Blake,2022-11-26 22:40:00,,,,N,Reese Ashby,Alex Ashby,100791,Other,100215,,N,,,TAG-4666,,105601,Skyler Haddad
100538,Job,108424,priya.ivanov@sampleco.test,Drew Costa,2025-04-01 13:53:00,alex.ivanov@acme-fake.test,Riley Haddad,2025-02-11 04:17:00,drew.calder@acme-fake.test,Quinn Rossi,2026-01-11 14:53:00,,,,N,Rahul Sloan,Reese Haddad,100233,Beta,100204,Discussed timeline and next steps with the account.,N,,,SKU-6992,,105143,Reese Rossi
100073,Job,108425,yara.sloan@demomail.test,Alex Brooks,2023-08-14 02:25:00,alex.blake@acme-fake.test,Jordan Mercer,2025-12-11 12:45:00,fatima.rossi@sampleco.test,Riley Cohen,2023-04-11 01:47:00,,,,N,Liam Calder,Fatima Calder,100550,Gamma,100635,,N,,,TAG-3851,,106372,Quinn Brooks
100585,Job,108427,elena.mercer@examplecorp.test,Jamie Silva,2024-03-13 04:03:00,morgan.mercer@examplecorp.test,Drew Mercer,2025-10-25 06:47:00,diego.reyes@sampleco.test,Casey Calder,2026-05-02 09:29:00,,,,N,Emerson Sato,Morgan Rossi,100362,Alpha,100595,,N,,100178,REF-5762,,,Elena Okafor
100672,Job,108430,arjun.okafor@sampleco.test,Skyler Sato,2025-02-20 22:23:00,chen.reyes@demomail.test,Chen Dorsey,2025-03-02 05:48:00,riley.reyes@examplecorp.test,Chen Reyes,2024-08-24 06:00:00,,,,N,Alex Ashby,Arjun Costa,100211,Alpha,100375,,N,,100152,TAG-3743,,,Arjun Blake
100260,Job,108433,alex.vance@acme-fake.test,Morgan Okafor,2025-07-09 18:31:00,rahul.brooks@sampleco.test,Alex Ashby,2026-07-03 22:39:00,omar.blake@demomail.test,Jamie Dorsey,2024-10-05 21:55:00,,,,N,Emerson Mensah,Diego Costa,100697,Delta,100014,Resolved the outstanding question about scope.,Y,,100428,TAG-1466,,105660,Chen Haddad
100145,Job,108434,taylor.garcia@demomail.test,Jamie Costa,2023-02-10 12:20:00,riley.rossi@demomail.test,Alex Reyes,2024-09-17 05:43:00,rowan.haddad@sampleco.test,Taylor Cohen,2022-12-18 19:02:00,,,,Y,Arjun Sloan,Noah Patel,100415,Beta,100529,,N,,100561,SKU-4179,,,Casey Okafor
100425,Job,108435,aisha.larsson@sampleco.test,Arjun Larsson,2025-05-14 18:09:00,yara.blake@acme-fake.test,Jamie Ivanov,2023-02-14 04:57:00,sofia.blake@demomail.test,Marco Vance,2024-06-11 16:50:00,,,,N,Quinn Whitfield,Sofia Sloan,100365,Standard,100378,,Y,,100055,SKU-3521,,,Noah Mercer
100284,Job,108436,casey.patel@sampleco.test,Nina Nguyen,2026-05-09 15:19:00,chen.reyes@sampleco.test,Taylor Cohen,2026-02-10 07:18:00,morgan.cohen@examplecorp.test,Chen Larsson,2024-09-25 13:59:00,,,,N,Rowan Ford,Morgan Whitfield,100595,Standard,100516,,Y,,,TAG-1031,,105180,Rowan Blake
100566,Job,108438,rahul.haddad@acme-fake.test,Drew Costa,2023-06-07 13:22:00,marco.dorsey@sampleco.test,Noah Cohen,2026-05-05 10:43:00,omar.vance@demomail.test,Omar Haddad,2024-03-21 12:25:00,,,,N,Mei Rossi,Avery Ivanov,100462,Other,100378,Resolved the outstanding question about scope.,Y,,,REF-8306,,105652,Nina Sloan
100086,Job,108441,emerson.blake@sampleco.test,Jordan Dorsey,2026-01-13 17:23:00,priya.ford@acme-fake.test,Jamie Dorsey,2024-08-16 10:06:00,liam.sloan@acme-fake.test,Liam Kim,2024-11-24 22:09:00,,,,N,Chen Sloan,Jordan Rossi,100382,Gamma,100309,,N,,100721,TAG-8955,,105752,Skyler Vance
100140,Job,108442,quinn.dorsey@acme-fake.test,Rowan Ashby,2023-07-22 14:43:00,casey.ashby@demomail.test,Avery Mensah,2024-03-03 23:38:00,rowan.vance@sampleco.test,Emerson Mercer,2025-02-20 09:58:00,,,,Y,Reese Calder,Skyler Calder,100462,Delta,100264,Aligned on billing and renewal terms.,N,,100512,SKU-2210,,,Omar Nguyen
100554,Job,108445,avery.cohen@examplecorp.test,Alex Whitfield,2025-02-17 07:16:00,emerson.ashby@acme-fake.test,Diego Ivanov,2024-12-10 13:24:00,chen.cohen@examplecorp.test,Jamie Costa,2025-06-25 20:19:00,,,,N,Chen Sato,Jamie Ford,100246,Standard,100387,,Y,,,TAG-8143,,,
100292,Job,108446,emerson.ivanov@examplecorp.test,Casey Costa,2025-10-03 13:13:00,rahul.ivanov@demomail.test,Jamie Ashby,2023-04-05 11:00:00,nina.vance@acme-fake.test,Aisha Dorsey,2022-11-15 14:13:00,,,,N,Avery Ashby,Omar Garcia,100576,Alpha,100224,Noted a concern to revisit at the next sync.,Y,,100490,TAG-5887,,,Yara Calder
100680,Job,108447,taylor.sloan@examplecorp.test,Emerson Whitfield,2024-09-26 01:54:00,emerson.whitfield@sampleco.test,Mei Costa,2025-04-21 11:36:00,priya.haddad@examplecorp.test,Morgan Calder,2023-03-13 09:53:00,,,,N,Morgan Brooks,Rowan Reyes,100590,Alpha,100673,,Y,,100133,TAG-5573,,,Liam Sloan
100357,Job,108448,diego.whitfield@demomail.test,Alex Ashby,2026-01-02 16:08:00,omar.mensah@acme-fake.test,Jordan Nguyen,2026-05-04 19:36:00,taylor.cohen@examplecorp.test,Yara Costa,2023-06-11 09:10:00,,,,Y,Yara Blake,Elena Rossi,100401,Delta,100396,,N,,,SKU-6949,,106336,Nina Brooks
100396,Job,108451,skyler.patel@demomail.test,Quinn Vance,2024-01-18 13:24:00,riley.calder@acme-fake.test,Diego Whitfield,2025-03-24 17:59:00,drew.mensah@examplecorp.test,Skyler Nguyen,2025-04-19 01:41:00,,,,Y,Chen Haddad,Priya Calder,100487,Other,100461,Shared the updated proposal for review.,N,,,TAG-8895,,106076,Sofia Mercer
100654,Job,108452,alex.whitfield@acme-fake.test,Emerson Garcia,2025-07-20 19:56:00,quinn.blake@demomail.test,Rowan Haddad,2023-05-02 14:53:00,riley.nguyen@examplecorp.test,Marco Whitfield,2025-03-24 23:52:00,,,,Y,Liam Mercer,Omar Nguyen,100401,Gamma,100691,,N,,100378,REF-7685,,106639,
100415,Job,108454,rahul.blake@examplecorp.test,Fatima Calder,2022-11-08 02:22:00,rahul.calder@acme-fake.test,Riley Reyes,2023-07-09 22:21:00,morgan.rossi@acme-fake.test,Nina Blake,2024-04-26 15:58:00,,,,N,Chen Whitfield,Liam Ashby,100545,Alpha,100246,Shared the updated proposal for review.,Y,,100648,REF-9389,,105128,Taylor Sloan
100169,Job,108457,arjun.larsson@acme-fake.test,Yara Cohen,2023-02-23 22:13:00,noah.cohen@acme-fake.test,Quinn Reyes,2023-03-17 15:04:00,noah.ford@sampleco.test,Sofia Okafor,2023-02-11 22:26:00,,,,N,Elena Ashby,Reese Cohen,100667,Other,100774,,Y,,100759,SKU-4711,,,Reese Cohen
100152,Job,108459,riley.silva@acme-fake.test,Morgan Brooks,2023-02-24 14:43:00,yara.patel@examplecorp.test,Diego Haddad,2026-06-09 07:20:00,taylor.ford@sampleco.test,Reese Vance,2024-10-21 04:56:00,,,,N,Jamie Larsson,Yara Silva,100522,Gamma,100718,Discussed timeline and next steps with the account.,N,,100659,SKU-7781,,106515,Riley Brooks
100336,Job,108462,marco.silva@examplecorp.test,Morgan Blake,2024-07-22 21:44:00,taylor.mensah@sampleco.test,Alex Larsson,2024-08-10 03:19:00,mei.vance@demomail.test,Liam Larsson,2025-11-01 04:04:00,,,,Y,Liam Mensah,Omar Blake,100345,Beta,100643,,N,,,TAG-4898,,,Quinn Mercer
100645,Job,108463,elena.vance@examplecorp.test,Rowan Ivanov,2023-12-21 06:28:00,marco.kim@demomail.test,Avery Calder,2025-02-05 11:34:00,omar.sloan@examplecorp.test,Elena Ashby,2022-12-11 21:38:00,,,,N,Casey Okafor,Morgan Whitfield,100224,Gamma,100021,,N,,100758,SKU-9497,,106301,Avery Blake
100350,Job,108464,casey.kim@examplecorp.test,Arjun Ford,2024-02-24 15:27:00,sofia.kim@sampleco.test,Yara Costa,2025-11-18 10:10:00,chen.cohen@acme-fake.test,Quinn Vance,2026-01-16 02:04:00,,,,N,Liam Blake,Fatima Reyes,100762,Other,100590,Scheduled a check-in for the coming month.,N,,,LOT-2779,,106604,Jordan Garcia
100201,Job,108465,quinn.reyes@demomail.test,Casey Ford,2025-11-23 01:34:00,taylor.costa@sampleco.test,Skyler Dorsey,2026-04-19 04:59:00,aisha.brooks@examplecorp.test,Rowan Calder,2025-07-26 23:17:00,,,,Y,Casey Whitfield,Alex Brooks,100288,Gamma,100765,,N,,100100,TAG-8875,,106145,Marco Kim
100540,Job,108466,jamie.larsson@demomail.test,Jordan Calder,2025-05-09 14:30:00,jamie.patel@sampleco.test,Avery Dorsey,2025-04-16 00:06:00,jamie.vance@demomail.test,Riley Vance,2026-06-12 11:06:00,,,,Y,Marco Cohen,Reese Vance,100383,Alpha,100462,Reviewed performance and gathered feedback.,Y,,100414,TAG-4536,,,
100172,Job,108467,liam.garcia@acme-fake.test,Emerson Ford,2023-07-06 14:51:00,rowan.whitfield@acme-fake.test,Fatima Kim,2023-02-04 23:50:00,omar.mercer@sampleco.test,Diego Kim,2023-12-31 09:23:00,,,,N,Omar Larsson,Marco Dorsey,100371,Delta,100365,,Y,,100325,LOT-9288,,105190,Sofia Mensah
100753,Job,108468,elena.costa@acme-fake.test,Priya Dorsey,2025-03-01 02:16:00,jamie.patel@acme-fake.test,Omar Larsson,2025-10-15 16:39:00,riley.nguyen@sampleco.test,Noah Mensah,2023-03-26 02:15:00,,,,Y,Noah Okafor,Rowan Silva,100697,Alpha,100120,,Y,,,TAG-8757,,105390,Yara Cohen
100522,Job,108469,aisha.garcia@sampleco.test,Quinn Larsson,2023-04-06 01:17:00,riley.ivanov@acme-fake.test,Priya Mensah,2025-03-10 12:11:00,reese.sato@sampleco.test,Skyler Silva,2024-07-09 12:40:00,,,,N,Aisha Calder,Emerson Okafor,100003,Alpha,100140,,N,,100205,SKU-2245,,,Liam Silva
100579,Job,108472,skyler.rossi@examplecorp.test,Reese Garcia,2024-09-20 13:35:00,noah.rossi@sampleco.test,Diego Reyes,2025-05-16 14:01:00,mei.ashby@examplecorp.test,Nina Okafor,2024-12-26 20:38:00,,,,N,Elena Mercer,Drew Haddad,100640,Other,100593,Scheduled a check-in for the coming month.,Y,,,TAG-1977,,,Morgan Vance
100165,Job,108474,priya.ford@acme-fake.test,Jamie Ford,2023-10-12 03:17:00,drew.okafor@examplecorp.test,Casey Patel,2023-05-20 08:13:00,aisha.vance@sampleco.test,Casey Costa,2025-11-26 12:18:00,,,,Y,Alex Okafor,Yara Dorsey,100606,Beta,100214,Discussed timeline and next steps with the account.,Y,,100311,LOT-5577,,106591,Sofia Ivanov
100528,Job,108477,taylor.ivanov@examplecorp.test,Taylor Rossi,2026-06-21 01:48:00,jordan.okafor@examplecorp.test,Skyler Rossi,2023-10-03 19:35:00,aisha.mercer@demomail.test,Nina Vance,2026-02-09 02:29:00,,,,N,Reese Cohen,Jamie Kim,100473,Other,100246,,Y,,,SKU-9227,,105457,Skyler Rossi
100405,Job,108480,elena.cohen@demomail.test,Reese Silva,2023-01-24 03:51:00,rahul.brooks@acme-fake.test,Arjun Nguyen,2023-08-17 13:18:00,yara.silva@acme-fake.test,Fatima Sato,2025-09-06 01:24:00,,,,N,Rahul Brooks,Yara Sloan,100087,Standard,100385,Shared the updated proposal for review.,Y,,,REF-7876,,106451,Diego Ashby
100458,Job,108481,quinn.rossi@demomail.test,Quinn Mensah,2024-01-03 18:25:00,riley.whitfield@demomail.test,Priya Calder,2026-04-11 11:52:00,sofia.rossi@acme-fake.test,Taylor Cohen,2026-02-04 02:34:00,,,,N,Quinn Dorsey,Casey Haddad,100201,Standard,100291,Aligned on billing and renewal terms.,Y,,100055,LOT-9085,,105310,Taylor Dorsey
100784,Job,108482,sofia.haddad@examplecorp.test,Avery Haddad,2024-06-02 12:30:00,quinn.dorsey@demomail.test,Jordan Ford,2023-10-05 23:44:00,alex.vance@acme-fake.test,Jordan Costa,2024-07-30 12:36:00,,,,N,Rahul Dorsey,Rahul Calder,100217,Delta,100561,,N,,,TAG-2185,,105067,Emerson Okafor
100343,Job,108484,fatima.mensah@demomail.test,Arjun Costa,2025-12-09 02:55:00,casey.larsson@sampleco.test,Reese Ford,2025-12-03 19:24:00,aisha.sloan@sampleco.test,Morgan Blake,2023-09-26 22:19:00,,,,Y,Noah Garcia,Yara Ford,100466,Gamma,100461,,N,,100758,SKU-7187,,,Yara Dorsey
100149,Job,108487,fatima.mercer@examplecorp.test,Marco Vance,2024-07-05 14:38:00,reese.silva@demomail.test,Jordan Reyes,2026-07-20 11:22:00,nina.whitfield@examplecorp.test,Jordan Ivanov,2026-07-23 21:55:00,,,,N,Emerson Patel,Riley Calder,100555,Delta,100405,Scheduled a check-in for the coming month.,N,,,SKU-6431,,105234,Arjun Whitfield
100446,Job,108489,nina.costa@sampleco.test,Arjun Silva,2023-12-17 23:51:00,drew.nguyen@sampleco.test,Drew Silva,2023-09-09 00:05:00,mei.ashby@sampleco.test,Nina Calder,2026-06-18 10:57:00,,,,Y,Rahul Whitfield,Morgan Costa,100733,Alpha,100140,Reviewed performance and gathered feedback.,Y,,100217,LOT-8139,,104982,Avery Ivanov
100503,Job,108491,fatima.larsson@demomail.test,Skyler Kim,2026-02-09 17:09:00,rahul.okafor@demomail.test,Nina Reyes,2025-12-25 22:05:00,chen.sloan@demomail.test,Skyler Costa,2023-04-20 05:06:00,,,,N,Casey Reyes,Taylor Ford,100699,Other,100418,Scheduled a check-in for the coming month.,N,,100606,REF-4842,,,Reese Kim
100785,Job,108493,casey.dorsey@examplecorp.test,Alex Cohen,2024-11-01 14:12:00,rowan.reyes@examplecorp.test,Elena Blake,2026-03-23 08:31:00,chen.sloan@acme-fake.test,Priya Vance,2025-06-05 11:28:00,,,,Y,Chen Whitfield,Jamie Ivanov,100745,Other,100412,,Y,,,REF-2370,,105539,Avery Okafor
100340,Job,108496,rowan.sloan@examplecorp.test,Chen Nguyen,2025-06-21 20:59:00,marco.vance@demomail.test,Alex Rossi,2024-08-21 06:56:00,reese.sato@demomail.test,Drew Cohen,2023-07-21 02:24:00,,,,Y,Emerson Nguyen,Mei Larsson,100277,Gamma,100445,Discussed timeline and next steps with the account.,N,,100355,SKU-8369,,106638,Sofia Ivanov
100229,Job,108499,rowan.calder@examplecorp.test,Fatima Sloan,2024-04-23 07:43:00,chen.calder@demomail.test,Rahul Okafor,2023-02-04 09:25:00,chen.costa@acme-fake.test,Priya Dorsey,2024-08-17 15:30:00,,,,Y,Rowan Dorsey,Diego Costa,100418,Other,100791,,N,,100768,REF-2680,,,Avery Reyes
100481,Job,108500,elena.kim@acme-fake.test,Rahul Larsson,2023-01-15 15:36:00,casey.cohen@demomail.test,Reese Costa,2024-01-04 14:14:00,nina.blake@demomail.test,Drew Sato,2024-12-23 22:50:00,,,,N,Chen Patel,Diego Okafor,100640,Alpha,100710,,Y,,100019,TAG-8895,,105553,Drew Okafor
100704,Job,108503,diego.whitfield@acme-fake.test,Sofia Ashby,2026-02-24 00:14:00,skyler.mercer@acme-fake.test,Arjun Reyes,2023-07-20 23:35:00,priya.larsson@demomail.test,Rowan Cohen,2026-06-02 14:40:00,,,,N,Reese Rossi,Mei Costa,100538,Beta,100278,,N,,100555,LOT-1081,,106653,Fatima Reyes
100658,Job,108504,noah.garcia@sampleco.test,Aisha Costa,2023-08-11 11:34:00,rahul.calder@sampleco.test,Omar Sato,2026-02-26 10:32:00,sofia.haddad@examplecorp.test,Rowan Cohen,2026-03-17 21:04:00,,,,N,Rahul Brooks,Morgan Ivanov,100035,Standard,100217,,Y,,,REF-3381,,,Skyler Rossi
100761,Job,108505,diego.calder@sampleco.test,Fatima Costa,2023-09-26 22:52:00,riley.sloan@sampleco.test,Taylor Nguyen,2025-02-03 00:25:00,liam.sloan@demomail.test,Riley Haddad,2024-09-30 09:12:00,,,,N,Mei Garcia,Alex Whitfield,100325,Gamma,100735,,N,,100281,LOT-3260,,105276,Chen Costa
100185,Job,108508,morgan.sato@acme-fake.test,Skyler Mensah,2024-06-10 14:59:00,aisha.ashby@demomail.test,Rowan Sato,2024-01-24 20:35:00,chen.cohen@examplecorp.test,Yara Ford,2024-06-27 09:44:00,,,,Y,Aisha Haddad,Casey Whitfield,100627,Beta,100404,Shared the updated proposal for review.,Y,,100332,REF-6090,,,Jamie Rossi
100779,Job,108510,skyler.haddad@acme-fake.test,Taylor Calder,2024-02-22 11:43:00,drew.ivanov@sampleco.test,Nina Ashby,2025-06-06 10:07:00,avery.reyes@acme-fake.test,Reese Nguyen,2023-05-14 17:02:00,,,,Y,Emerson Larsson,Riley Kim,100672,Beta,100724,,N,,100399,SKU-7373,,106502,Casey Okafor
100635,Job,108511,rahul.ford@sampleco.test,Priya Whitfield,2025-11-17 12:40:00,jordan.sloan@examplecorp.test,Quinn Garcia,2025-01-09 04:47:00,quinn.silva@examplecorp.test,Sofia Calder,2025-12-30 13:54:00,,,,N,Rahul Sloan,Avery Blake,100528,Beta,100193,Followed up on the open items from last week.,N,,,TAG-6638,,,Skyler Garcia
100759,Job,108512,yara.okafor@examplecorp.test,Sofia Nguyen,2022-11-03 15:22:00,emerson.ford@sampleco.test,Mei Larsson,2023-06-20 15:52:00,reese.ashby@acme-fake.test,Mei Sato,2026-07-25 16:52:00,,,,N,Marco Okafor,Jordan Ivanov,100139,Other,100191,Resolved the outstanding question about scope.,Y,,100601,SKU-5636,,,Taylor Rossi
100710,Job,108514,sofia.kim@sampleco.test,Diego Mensah,2023-04-29 21:42:00,liam.larsson@sampleco.test,Priya Ivanov,2025-11-13 09:57:00,alex.larsson@acme-fake.test,Omar Garcia,2023-11-08 17:10:00,,,,Y,Arjun Cohen,Sofia Rossi,100476,Delta,100263,,N,,100369,REF-7360,,106058,Emerson Haddad
100593,Job,108515,nina.rossi@examplecorp.test,Jordan Rossi,2026-03-01 21:10:00,aisha.mercer@examplecorp.test,Emerson Patel,2023-04-05 13:48:00,elena.silva@examplecorp.test,Nina Ivanov,2026-07-31 01:09:00,,,,Y,Arjun Nguyen,Liam Sato,100504,Alpha,100404,,Y,,,LOT-9039,,,Taylor Ivanov
100765,Job,108516,diego.larsson@acme-fake.test,Riley Silva,2024-02-05 08:20:00,drew.rossi@acme-fake.test,Morgan Ashby,2026-07-10 07:40:00,nina.okafor@examplecorp.test,Riley Garcia,2025-02-25 01:36:00,,,,N,Nina Okafor,Alex Haddad,100587,Beta,100559,Noted a concern to revisit at the next sync.,N,,,REF-4272,,,Reese Dorsey
100761,Job,108519,sofia.patel@sampleco.test,Marco Reyes,2024-12-04 14:55:00,arjun.garcia@acme-fake.test,Jordan Mensah,2024-03-08 03:01:00,omar.patel@examplecorp.test,Emerson Rossi,2026-03-03 08:13:00,,,,Y,Marco Patel,Mei Ashby,100042,Alpha,100182,Reviewed performance and gathered feedback.,Y,,100139,REF-4475,,,Riley Calder
100098,Job,108520,drew.ivanov@sampleco.test,Diego Whitfield,2024-05-08 23:10:00,rowan.costa@examplecorp.test,Nina Rossi,2022-10-23 10:48:00,mei.blake@demomail.test,Yara Haddad,2023-03-24 05:44:00,,,,Y,Reese Kim,Jamie Haddad,100487,Standard,100092,,Y,,100014,LOT-4458,,,Skyler Mercer
100771,Job,108522,fatima.ford@examplecorp.test,Elena Patel,2023-06-01 19:23:00,casey.dorsey@sampleco.test,Arjun Silva,2025-01-10 01:07:00,skyler.kim@demomail.test,Marco Mensah,2023-06-01 12:29:00,,,,Y,Jordan Whitfield,Sofia Mensah,100076,Beta,100507,Noted a concern to revisit at the next sync.,Y,,,TAG-1739,,105443,Nina Calder
100307,Job,108524,emerson.sato@sampleco.test,Mei Ashby,2025-08-13 09:45:00,chen.okafor@demomail.test,Sofia Larsson,2026-02-20 21:23:00,casey.dorsey@demomail.test,Riley Ivanov,2023-06-30 19:02:00,,,,Y,Mei Whitfield,Rowan Kim,100532,Standard,100494,,N,,100023,SKU-3221,,106591,Omar Vance
100407,Job,108527,jamie.calder@demomail.test,Rahul Larsson,2024-07-17 16:42:00,elena.reyes@examplecorp.test,Avery Whitfield,2024-03-17 17:03:00,jordan.calder@demomail.test,Priya Ford,2024-10-21 17:05:00,,,,Y,Arjun Brooks,Mei Sloan,100303,Other,100568,,Y,,100147,LOT-8073,,106097,Liam Brooks
100551,Job,108528,rowan.whitfield@examplecorp.test,Elena Okafor,2025-07-17 01:07:00,yara.ashby@sampleco.test,Noah Mercer,2026-03-21 08:02:00,priya.sato@examplecorp.test,Noah Haddad,2025-10-21 04:19:00,,,,Y,Reese Calder,Emerson Costa,100774,Standard,100733,Resolved the outstanding question about scope.,Y,,,REF-5193,,105714,Chen Calder
100476,Job,108530,chen.okafor@sampleco.test,Chen Patel,2023-01-14 18:48:00,diego.nguyen@acme-fake.test,Aisha Whitfield,2024-06-06 16:48:00,jordan.okafor@examplecorp.test,Liam Ford,2024-04-12 02:21:00,,,,Y,Emerson Blake,Riley Larsson,100658,,100157,,N,,100142,TAG-2573,,105604,Jamie Blake
100284,Job,108531,aisha.garcia@demomail.test,Morgan Whitfield,2026-01-10 15:31:00,priya.nguyen@sampleco.test,Diego Sloan,2025-08-29 05:11:00,priya.rossi@sampleco.test,Rahul Reyes,2024-01-23 04:16:00,,,,Y,Jordan Cohen,Reese Sloan,100174,Delta,100345,,Y,,100733,SKU-1040,,,Liam Dorsey
100325,Job,108532,alex.cohen@demomail.test,Quinn Nguyen,2023-03-20 15:05:00,sofia.rossi@examplecorp.test,Aisha Calder,2025-12-06 16:48:00,skyler.dorsey@examplecorp.test,Skyler Dorsey,2024-09-28 14:36:00,,,,N,Jordan Okafor,Chen Calder,100029,Standard,100053,Noted a concern to revisit at the next sync.,N,,100691,SKU-6742,,106319,Reese Kim
100680,Job,108533,arjun.ashby@examplecorp.test,Jamie Kim,2022-11-28 08:08:00,emerson.costa@sampleco.test,Diego Whitfield,2023-12-08 12:50:00,aisha.reyes@acme-fake.test,Taylor Patel,2023-11-01 21:39:00,,,,Y,Arjun Costa,Sofia Rossi,100656,Other,100611,Shared the updated proposal for review.,Y,,100576,SKU-7533,,,Elena Reyes
100140,Job,108536,jordan.patel@demomail.test,Morgan Mercer,2022-10-09 04:01:00,skyler.patel@sampleco.test,Elena Vance,2024-10-19 10:28:00,rowan.cohen@acme-fake.test,Emerson Patel,2023-10-16 00:46:00,,,,N,Jamie Costa,Alex Brooks,100472,Gamma,100096,Followed up on the open items from last week.,N,,100158,SKU-6269,,105028,Elena Okafor
100457,Job,108538,taylor.ivanov@examplecorp.test,Omar Mercer,2023-03-12 01:38:00,quinn.rossi@sampleco.test,Morgan Kim,2025-06-26 08:00:00,alex.calder@demomail.test,Quinn Haddad,2022-12-13 07:06:00,,,,N,Rahul Brooks,Fatima Blake,100278,Delta,100236,,N,,100739,TAG-8762,,,Priya Reyes
100055,Job,108539,rowan.patel@examplecorp.test,Mei Sloan,2024-07-17 14:18:00,riley.calder@demomail.test,Taylor Okafor,2023-03-21 17:28:00,liam.ivanov@examplecorp.test,Nina Mensah,2026-05-26 12:31:00,,,,Y,Riley Mensah,Fatima Blake,100478,Beta,100128,Scheduled a check-in for the coming month.,N,,,LOT-4439,,105193,Avery Rossi
100516,Job,108540,riley.sloan@sampleco.test,Rowan Dorsey,2026-01-05 14:45:00,chen.nguyen@acme-fake.test,Reese Ivanov,2025-11-21 04:13:00,elena.kim@demomail.test,Yara Dorsey,2023-09-26 18:44:00,,,,Y,Jamie Ashby,Reese Ford,100634,Beta,100538,Resolved the outstanding question about scope.,N,,100183,LOT-6396,,,Omar Ashby
100404,Job,108543,priya.garcia@acme-fake.test,Marco Sloan,2025-09-04 00:42:00,mei.okafor@acme-fake.test,Drew Blake,2025-03-20 15:54:00,rahul.sloan@demomail.test,Rowan Ford,2025-06-27 09:07:00,,,,Y,Jordan Haddad,Aisha Cohen,100232,Alpha,100109,Followed up on the open items from last week.,Y,,,SKU-8976,,,Arjun Larsson
100350,Job,108546,noah.ivanov@sampleco.test,Alex Rossi,2024-12-01 03:41:00,casey.sloan@examplecorp.test,Rahul Ford,2024-11-16 07:40:00,priya.dorsey@demomail.test,Riley Ivanov,2026-05-09 23:43:00,,,,N,Mei Kim,Liam Dorsey,100478,Standard,100735,,N,,,SKU-4074,,106230,Jordan Calder
100724,Job,108549,rahul.sato@examplecorp.test,Rowan Ashby,2025-09-08 18:31:00,drew.sato@demomail.test,Aisha Brooks,2026-06-22 00:14:00,yara.sloan@demomail.test,Fatima Rossi,2025-09-12 20:32:00,,,,Y,Jamie Dorsey,Aisha Reyes,100412,Beta,100029,Aligned on billing and renewal terms.,N,,100442,REF-1065,,106520,Quinn Whitfield
100410,Job,108550,skyler.dorsey@acme-fake.test,Reese Ivanov,2024-05-21 16:59:00,liam.okafor@examplecorp.test,Noah Dorsey,2026-07-26 03:39:00,quinn.haddad@demomail.test,Chen Larsson,2024-10-07 03:42:00,,,,Y,Casey Garcia,Reese Sato,100232,Gamma,100314,,N,Alpha,100382,SKU-3803,,,Jamie Dorsey
100576,Job,108552,taylor.mensah@sampleco.test,Nina Ashby,2023-12-26 10:17:00,quinn.rossi@examplecorp.test,Rahul Calder,2024-01-20 12:29:00,reese.garcia@sampleco.test,Riley Reyes,2025-03-03 21:01:00,,,,Y,Avery Blake,Mei Vance,100669,Gamma,100300,Followed up on the open items from last week.,N,,,REF-6448,,,Fatima Kim
100432,Job,108553,aisha.sloan@examplecorp.test,Fatima Silva,2024-12-29 15:19:00,chen.haddad@demomail.test,Mei Calder,2025-04-13 06:04:00,quinn.kim@acme-fake.test,Casey Sato,2024-02-01 10:31:00,,,,Y,Emerson Mensah,Omar Blake,100182,Standard,100221,Resolved the outstanding question about scope.,N,,,REF-5269,,104888,Drew Kim
100758,Job,108555,alex.larsson@acme-fake.test,Drew Costa,2023-03-22 04:01:00,reese.mensah@examplecorp.test,Chen Calder,2025-08-04 13:49:00,jordan.blake@demomail.test,Drew Okafor,2023-11-01 07:58:00,,,,N,Noah Larsson,Jamie Mercer,100542,Standard,100014,Reviewed performance and gathered feedback.,N,,,SKU-2495,,105302,Jamie Sato
100786,Job,108557,rahul.kim@demomail.test,Alex Reyes,2026-05-18 19:57:00,yara.blake@sampleco.test,Alex Ford,2023-06-26 18:14:00,riley.rossi@sampleco.test,Riley Cohen,2024-02-06 03:47:00,,,,N,Riley Silva,Aisha Ivanov,100117,Delta,100023,,N,,,SKU-7353,,105365,Sofia Calder
100713,Job,108559,rahul.ford@sampleco.test,Omar Garcia,2025-09-14 21:38:00,jamie.reyes@examplecorp.test,Marco Okafor,2024-06-20 18:57:00,mei.mensah@acme-fake.test,Aisha Cohen,2024-04-20 02:03:00,,,,N,Avery Ivanov,Jordan Haddad,100307,Other,100028,,Y,,,SKU-8028,,,Taylor Sato
100050,Job,108561,quinn.sloan@examplecorp.test,Diego Okafor,2026-07-24 07:12:00,casey.reyes@sampleco.test,Marco Nguyen,2023-11-18 01:47:00,liam.kim@sampleco.test,Mei Ivanov,2024-07-02 00:27:00,,,,Y,Emerson Sloan,Arjun Nguyen,100779,Beta,100134,,Y,,,REF-3043,,105188,Priya Ashby
100386,Job,108562,rahul.costa@acme-fake.test,Sofia Nguyen,2025-01-17 19:13:00,arjun.larsson@acme-fake.test,Avery Mensah,2024-02-14 07:23:00,aisha.vance@acme-fake.test,Morgan Mensah,2025-06-16 02:48:00,,,,N,Jordan Sloan,Quinn Brooks,100026,Gamma,100436,,N,,100275,REF-4440,,105866,Mei Brooks
100016,Job,108565,avery.silva@examplecorp.test,Emerson Whitfield,2026-01-16 04:31:00,rahul.reyes@demomail.test,Skyler Silva,2024-04-15 21:09:00,alex.rossi@demomail.test,Arjun Cohen,2023-06-10 20:17:00,,,,N,Reese Dorsey,Nina Brooks,100629,Delta,100273,Scheduled a check-in for the coming month.,Y,,100046,REF-4269,,,Yara Dorsey
100568,Job,108566,omar.rossi@acme-fake.test,Sofia Reyes,2023-03-15 15:48:00,omar.okafor@sampleco.test,Emerson Sato,2022-12-22 10:44:00,sofia.reyes@examplecorp.test,Noah Blake,2023-03-15 12:50:00,,,,N,Diego Sloan,Skyler Ford,100601,Gamma,100399,,N,,100382,REF-8938,,106114,Taylor Ford
100098,Job,108568,morgan.dorsey@acme-fake.test,Rahul Haddad,2025-11-23 19:36:00,rahul.sato@examplecorp.test,Avery Ashby,2026-05-22 19:25:00,rahul.dorsey@demomail.test,Noah Ford,2023-11-01 11:25:00,,,,Y,Chen Nguyen,Omar Blake,100322,Gamma,100568,Noted a concern to revisit at the next sync.,N,,,REF-6807,,106410,Diego Patel
100365,Job,108569,alex.vance@examplecorp.test,Diego Mensah,2025-01-12 12:52:00,rahul.vance@acme-fake.test,Sofia Dorsey,2024-03-03 17:58:00,omar.haddad@acme-fake.test,Drew Garcia,2023-11-10 19:36:00,,,,Y,Jamie Reyes,Fatima Vance,100121,Alpha,100073,,Y,,,REF-1721,,,Noah Patel
100469,Job,108570,rowan.okafor@sampleco.test,Sofia Whitfield,2025-02-24 16:13:00,riley.patel@acme-fake.test,Nina Costa,2026-05-19 00:32:00,sofia.dorsey@examplecorp.test,Omar Ivanov,2023-08-09 19:32:00,,,,Y,Morgan Vance,Arjun Silva,100664,Other,100125,,Y,,100635,REF-5883,,,Drew Ashby
100608,Job,108572,marco.mercer@sampleco.test,Fatima Sato,2023-04-05 11:55:00,chen.vance@demomail.test,Avery Sato,2025-08-16 23:40:00,drew.larsson@examplecorp.test,Omar Brooks,2023-01-22 20:26:00,,,,Y,Liam Reyes,Avery Rossi,100638,Delta,100012,,Y,,,LOT-9259,,105812,Yara Ashby
100683,Job,108573,mei.rossi@acme-fake.test,Alex Larsson,2025-06-02 17:09:00,aisha.whitfield@examplecorp.test,Morgan Nguyen,2024-07-07 02:22:00,quinn.garcia@examplecorp.test,Casey Brooks,2024-11-24 23:46:00,,,,Y,Priya Mensah,Jordan Ford,100500,Standard,100286,,Y,,100496,LOT-8112,,106444,Reese Ford
100042,Job,108574,rowan.vance@sampleco.test,Marco Reyes,2024-01-21 15:57:00,riley.cohen@acme-fake.test,Yara Vance,2026-06-07 17:54:00,morgan.ivanov@demomail.test,Casey Ivanov,2023-10-21 03:06:00,,,,N,Alex Costa,Chen Dorsey,100103,Beta,100639,,Y,,100046,SKU-2891,,106493,Casey Whitfield
100260,Job,108577,avery.ivanov@acme-fake.test,Sofia Sato,2023-08-03 16:15:00,taylor.patel@examplecorp.test,Nina Nguyen,2025-04-09 15:42:00,morgan.cohen@sampleco.test,Sofia Ashby,2026-03-13 09:35:00,,,,Y,Marco Rossi,Omar Vance,100604,Other,100019,Resolved the outstanding question about scope.,N,,100624,TAG-7622,,106175,Alex Ashby
100429,Job,108580,sofia.ashby@demomail.test,Alex Dorsey,2023-05-18 05:05:00,nina.dorsey@demomail.test,Quinn Brooks,2025-05-08 23:49:00,arjun.nguyen@acme-fake.test,Rowan Silva,2024-07-16 01:41:00,,,,N,Diego Reyes,Chen Dorsey,100686,Standard,100378,Scheduled a check-in for the coming month.,N,,,SKU-2638,,106081,Marco Ashby
100253,Job,108583,elena.mensah@acme-fake.test,Diego Reyes,2024-11-15 23:25:00,riley.mensah@acme-fake.test,Reese Larsson,2022-10-28 19:10:00,elena.rossi@examplecorp.test,Reese Okafor,2025-02-21 14:29:00,,,,N,Nina Mercer,Elena Mercer,100694,Alpha,100686,,Y,,100142,TAG-8226,,106562,Diego Blake
100785,Job,108586,noah.sloan@acme-fake.test,Marco Ashby,2024-03-07 06:41:00,omar.nguyen@sampleco.test,Noah Blake,2023-09-26 04:26:00,casey.dorsey@acme-fake.test,Alex Cohen,2022-11-03 20:26:00,,,,Y,Chen Brooks,Riley Ashby,100643,Delta,100565,Aligned on billing and renewal terms.,Y,,100361,LOT-1581,,104917,Fatima Costa
100458,Job,108589,jordan.rossi@demomail.test,Chen Larsson,2022-12-07 04:40:00,aisha.ashby@sampleco.test,Fatima Rossi,2022-12-31 17:28:00,arjun.silva@examplecorp.test,Liam Silva,2024-03-20 14:05:00,,,,Y,Sofia Patel,Noah Okafor,100739,Beta,100319,,Y,,100165,SKU-1952,,,Emerson Costa
100659,Job,108592,elena.nguyen@examplecorp.test,Diego Blake,2023-10-01 05:11:00,alex.whitfield@demomail.test,Skyler Garcia,2024-03-21 06:06:00,avery.mercer@demomail.test,Emerson Reyes,2023-09-23 19:17:00,,,,Y,Priya Brooks,Marco Mensah,100683,Alpha,100281,,N,,100564,LOT-3756,,,Skyler Garcia
100014,Job,108593,diego.mercer@acme-fake.test,Rowan Mercer,2023-09-15 06:49:00,emerson.patel@examplecorp.test,Taylor Haddad,2023-05-09 23:47:00,riley.rossi@examplecorp.test,Fatima Reyes,2025-01-14 14:00:00,,,,N,Casey Kim,Arjun Ford,100650,Standard,100046,,N,,100012,REF-6297,,105856,Jamie Nguyen
100645,Job,108596,mei.whitfield@examplecorp.test,Diego Ivanov,2023-06-22 02:43:00,morgan.rossi@sampleco.test,Priya Ivanov,2023-11-13 11:40:00,chen.silva@sampleco.test,Quinn Okafor,2025-03-23 09:51:00,,,,N,Liam Costa,Casey Ivanov,100273,Delta,100680,,N,,100587,SKU-8161,,,Riley Vance
100707,Job,108598,alex.larsson@acme-fake.test,Chen Okafor,2026-06-13 04:45:00,yara.vance@acme-fake.test,Elena Ford,2023-09-02 14:03:00,arjun.sato@demomail.test,Sofia Ivanov,2023-04-24 12:09:00,,,,N,Quinn Ashby,Fatima Okafor,100062,Standard,100112,Scheduled a check-in for the coming month.,N,,100669,TAG-3952,,105069,Liam Mensah
100421,Job,108600,sofia.vance@acme-fake.test,Morgan Whitfield,2025-10-10 05:47:00,jordan.blake@examplecorp.test,Taylor Rossi,2025-09-21 22:32:00,skyler.mercer@sampleco.test,Omar Vance,2024-10-24 08:39:00,,,,N,Morgan Whitfield,Casey Garcia,100785,Standard,100156,Reviewed performance and gathered feedback.,Y,,100291,SKU-8889,,,Fatima Larsson
100128,Job,108601,quinn.costa@demomail.test,Arjun Calder,2023-12-07 03:14:00,emerson.haddad@demomail.test,Mei Nguyen,2023-04-07 11:56:00,morgan.sloan@sampleco.test,Sofia Vance,2026-01-25 15:14:00,,,,Y,Skyler Nguyen,Fatima Whitfield,100340,Alpha,100672,,N,Gamma,100545,REF-6003,,,Rowan Kim
100193,Job,108602,jamie.sloan@acme-fake.test,Sofia Ivanov,2025-04-03 01:04:00,jamie.sato@demomail.test,Rahul Brooks,2025-11-23 00:09:00,mei.whitfield@examplecorp.test,Noah Sato,2026-02-04 01:59:00,,,,N,Aisha Ford,Elena Larsson,100365,Delta,100552,,Y,,100481,REF-4695,,105190,Riley Dorsey
100689,Job,108605,chen.nguyen@examplecorp.test,Riley Kim,2022-12-26 15:28:00,priya.brooks@demomail.test,Emerson Ivanov,2025-01-29 18:01:00,jordan.larsson@sampleco.test,Drew Rossi,2026-06-03 06:06:00,,,,N,Mei Sloan,Riley Garcia,100555,Standard,100046,,N,,100678,REF-4007,,,Fatima Reyes
100191,Job,108607,priya.cohen@demomail.test,Sofia Kim,2022-11-01 22:36:00,nina.okafor@acme-fake.test,Nina Brooks,2024-03-31 18:48:00,mei.patel@demomail.test,Morgan Reyes,2023-05-06 13:50:00,,,,Y,Chen Blake,Noah Mercer,100717,Other,100786,,N,,100624,LOT-1289,,105569,Nina Costa
100761,Job,108608,emerson.silva@sampleco.test,Fatima Cohen,2025-06-07 16:31:00,fatima.calder@demomail.test,Sofia Haddad,2024-10-21 11:35:00,chen.ashby@acme-fake.test,Yara Rossi,2025-12-20 18:14:00,,,,Y,Quinn Cohen,Mei Vance,100300,Alpha,100528,Discussed timeline and next steps with the account.,Y,,100786,REF-9733,,,Avery Brooks
100435,Job,108609,drew.sato@demomail.test,Mei Sloan,2025-01-24 01:27:00,rowan.calder@examplecorp.test,Arjun Whitfield,2025-03-31 18:01:00,fatima.calder@examplecorp.test,Liam Brooks,2026-01-17 22:29:00,,,,Y,Priya Garcia,Quinn Dorsey,100667,Delta,100239,,N,,,LOT-6418,,105042,Avery Calder
100194,Job,108611,riley.garcia@sampleco.test,Emerson Sato,2026-02-14 14:53:00,yara.okafor@demomail.test,Arjun Vance,2022-10-05 05:37:00,rahul.vance@sampleco.test,Quinn Brooks,2025-07-06 07:24:00,,,,Y,Elena Ivanov,Jordan Blake,100307,Standard,100472,,N,,100442,REF-4529,,,Taylor Haddad
100504,Job,108613,elena.ivanov@sampleco.test,Aisha Haddad,2025-10-15 04:31:00,rowan.kim@acme-fake.test,Aisha Kim,2025-11-02 16:20:00,reese.okafor@examplecorp.test,Rahul Rossi,2024-01-18 16:28:00,,,,N,Morgan Rossi,Sofia Garcia,100432,Standard,100203,Noted a concern to revisit at the next sync.,Y,,100314,LOT-9930,,,Skyler Nguyen
100298,Job,108614,jamie.reyes@sampleco.test,Elena Garcia,2023-05-23 23:37:00,arjun.rossi@examplecorp.test,Morgan Mensah,2025-05-26 09:10:00,jamie.ashby@examplecorp.test,Jordan Haddad,2026-01-07 11:43:00,,,,Y,Aisha Garcia,Jordan Whitfield,100648,Beta,100260,,Y,,100035,LOT-1189,,106036,Arjun Calder
100086,Job,108615,jordan.costa@demomail.test,Casey Silva,2022-10-28 05:22:00,marco.kim@sampleco.test,Mei Sato,2022-10-14 07:18:00,reese.cohen@demomail.test,Drew Rossi,2024-09-13 05:02:00,,,,N,Rowan Cohen,Mei Ivanov,100514,Gamma,100173,Noted a concern to revisit at the next sync.,Y,,,REF-3079,,106642,Marco Haddad
100182,Job,108616,arjun.vance@demomail.test,Casey Mercer,2025-09-05 12:14:00,priya.calder@demomail.test,Diego Costa,2026-04-03 00:35:00,avery.patel@sampleco.test,Arjun Vance,2025-06-05 10:03:00,,,,N,Omar Cohen,Jamie Mensah,100608,Gamma,100765,,Y,,100182,LOT-5960,,105190,Quinn Mercer
100119,Job,108617,yara.sloan@acme-fake.test,Drew Ashby,2026-06-18 19:54:00,drew.ashby@sampleco.test,Nina Dorsey,2024-02-05 03:09:00,aisha.patel@demomail.test,Rahul Mensah,2023-06-25 01:19:00,,,,Y,Taylor Haddad,Alex Costa,100393,Alpha,100125,,N,Beta,100291,REF-8670,,,Taylor Cohen
100790,Job,108619,jordan.blake@demomail.test,Liam Ford,2025-05-08 15:12:00,rahul.garcia@demomail.test,Skyler Garcia,2025-01-22 21:05:00,riley.ashby@sampleco.test,Chen Rossi,2024-10-17 15:07:00,,,,Y,Riley Okafor,Morgan Vance,100671,Alpha,100412,Reviewed performance and gathered feedback.,Y,,,LOT-3241,,,Emerson Ford
100487,Job,108622,fatima.reyes@demomail.test,Marco Rossi,2024-09-01 19:27:00,chen.ashby@sampleco.test,Nina Rossi,2025-02-25 06:45:00,quinn.ashby@sampleco.test,Omar Haddad,2025-12-13 04:11:00,,,,N,Aisha Whitfield,Jamie Larsson,100761,Gamma,100453,,Y,,,LOT-5509,,105756,Mei Costa
100398,Job,108624,fatima.costa@sampleco.test,Jamie Ford,2024-10-27 06:42:00,noah.rossi@sampleco.test,Priya Okafor,2024-08-21 05:24:00,skyler.ivanov@acme-fake.test,Quinn Costa,2022-11-08 06:21:00,,,,N,Riley Nguyen,Casey Ford,100721,Gamma,100554,,N,,100087,LOT-1023,,,Diego Kim
100514,Job,108626,riley.costa@examplecorp.test,Mei Cohen,2023-08-16 10:46:00,omar.costa@sampleco.test,Aisha Cohen,2025-10-29 02:34:00,skyler.ford@examplecorp.test,Diego Kim,2025-02-26 04:47:00,,,,Y,Skyler Brooks,Nina Dorsey,100242,Standard,100688,,N,,,TAG-9758,,,Skyler Brooks
100277,Job,108627,mei.brooks@sampleco.test,Reese Ford,2023-09-12 10:03:00,reese.sloan@examplecorp.test,Aisha Okafor,2025-02-17 11:03:00,elena.okafor@acme-fake.test,Sofia Vance,2024-11-19 11:49:00,,,,Y,Rahul Vance,Marco Dorsey,100475,Alpha,100296,,Y,Other,100522,LOT-1404,,106164,Rowan Mercer
100211,Job,108628,omar.haddad@sampleco.test,Chen Dorsey,2025-11-09 21:34:00,casey.costa@examplecorp.test,Morgan Ashby,2024-02-18 19:36:00,emerson.calder@examplecorp.test,Chen Reyes,2025-08-29 02:20:00,,,,N,Sofia Larsson,Chen Ashby,100157,Delta,100498,Discussed timeline and next steps with the account.,Y,,,REF-9454,,105855,Elena Mensah
100467,Job,108629,diego.okafor@examplecorp.test,Priya Haddad,2024-11-25 14:30:00,elena.costa@examplecorp.test,Elena Vance,2025-10-15 01:00:00,noah.nguyen@demomail.test,Yara Ford,2025-04-30 03:38:00,,,,N,Liam Ivanov,Priya Brooks,100652,Standard,100236,,Y,,,LOT-8104,,106073,Emerson Mercer
100710,Job,108631,aisha.costa@acme-fake.test,Aisha Blake,2026-05-24 07:55:00,nina.blake@demomail.test,Chen Vance,2026-03-02 21:03:00,quinn.larsson@sampleco.test,Riley Nguyen,2023-06-30 23:09:00,,,,Y,Quinn Ford,Riley Larsson,100522,Delta,100076,,Y,,100188,REF-7218,,,Reese Okafor
100357,Job,108632,arjun.whitfield@demomail.test,Liam Reyes,2023-01-06 08:44:00,jordan.garcia@acme-fake.test,Alex Sloan,2023-01-24 22:47:00,omar.nguyen@demomail.test,Riley Reyes,2022-11-19 22:34:00,,,,N,Arjun Haddad,Liam Sloan,100365,Other,100678,,N,,,LOT-2440,,105989,Emerson Cohen
100522,Job,108633,omar.patel@acme-fake.test,Arjun Okafor,2025-09-14 17:41:00,nina.haddad@demomail.test,Drew Calder,2025-04-26 23:22:00,fatima.cohen@demomail.test,Mei Costa,2023-11-26 03:56:00,,,,N,Elena Garcia,Jordan Mercer,100532,Standard,100133,,N,,,TAG-2596,,104939,Riley Ashby
100349,Job,108634,reese.whitfield@sampleco.test,Noah Larsson,2023-06-08 04:14:00,alex.larsson@acme-fake.test,Arjun Brooks,2022-11-03 19:10:00,mei.sloan@sampleco.test,Rowan Okafor,2022-12-06 11:14:00,,,,N,Liam Silva,Jamie Kim,100038,Other,100177,,N,,,SKU-7065,,,Diego Okafor
100162,Job,108635,riley.vance@acme-fake.test,Jamie Whitfield,2025-02-17 09:25:00,nina.sato@sampleco.test,Avery Vance,2023-04-12 10:12:00,quinn.ford@sampleco.test,Liam Ashby,2025-01-21 13:47:00,,,,Y,Rowan Sato,Chen Kim,100359,Gamma,100551,,N,,100077,SKU-5239,,105473,Reese Haddad
100494,Job,108638,drew.sloan@examplecorp.test,Nina Okafor,2023-05-23 23:46:00,yara.brooks@examplecorp.test,Morgan Larsson,2024-02-21 12:08:00,elena.larsson@examplecorp.test,Fatima Vance,2023-02-27 23:21:00,,,,Y,Chen Reyes,Chen Sloan,100604,Other,100569,,Y,,,LOT-9338,,104918,Rahul Haddad
